Plug_ID,Species,ANALYSIS,Timepoint,Treatment,Tank,Temperature,CO2,Growth.Time,Growth.Rate
1038,Mcapitata,Physiology,4 week,ATAC,1,Ambient,Ambient,1 week,3.9793691139896e-4
1038,Mcapitata,Physiology,4 week,ATAC,1,Ambient,Ambient,2 week,4.26393335825927e-4
1038,Mcapitata,Physiology,4 week,ATAC,1,Ambient,Ambient,4 week,5.68518334258837e-4
1045,Pacuta,Physiology,12 week,ATAC,1,Ambient,Ambient,1 week,5.30935999456256e-4
1045,Pacuta,Physiology,12 week,ATAC,1,Ambient,Ambient,2 week,0.00100765155008032
1045,Pacuta,Physiology,12 week,ATAC,1,Ambient,Ambient,4 week,9.2533901244778e-4
1045,Pacuta,Physiology,12 week,ATAC,1,Ambient,Ambient,6 week,0.00114352384288702
1045,Pacuta,Physiology,12 week,ATAC,1,Ambient,Ambient,8 week,-5.3631621549128e-4
1045,Pacuta,Physiology,12 week,ATAC,1,Ambient,Ambient,10 week,4.38842756531312e-4
1045,Pacuta,Physiology,12 week,ATAC,1,Ambient,Ambient,12 week,-1.46239358931834e-4
1046,Pacuta,Physiology,4 week,ATAC,1,Ambient,Ambient,1 week,6.49276360801395e-4
1046,Pacuta,Physiology,4 week,ATAC,1,Ambient,Ambient,2 week,9.53848435528018e-4
1046,Pacuta,Physiology,4 week,ATAC,1,Ambient,Ambient,4 week,8.82801732289504e-4
1048,Pacuta,Physiology,6 week,ATAC,1,Ambient,Ambient,1 week,5.91902547842863e-4
1048,Pacuta,Physiology,6 week,ATAC,1,Ambient,Ambient,2 week,7.29674948441259e-4
1048,Pacuta,Physiology,6 week,ATAC,1,Ambient,Ambient,4 week,8.39867779693082e-4
1048,Pacuta,Physiology,6 week,ATAC,1,Ambient,Ambient,6 week,0.00145015411557969
1052,Mcapitata,Physiology,12 week,ATAC,1,Ambient,Ambient,1 week,4.17130429888886e-4
1052,Mcapitata,Physiology,12 week,ATAC,1,Ambient,Ambient,2 week,4.20387417061595e-4
1052,Mcapitata,Physiology,12 week,ATAC,1,Ambient,Ambient,4 week,3.46661843665521e-4
1052,Mcapitata,Physiology,12 week,ATAC,1,Ambient,Ambient,6 week,5.28330317087647e-4
1052,Mcapitata,Physiology,12 week,ATAC,1,Ambient,Ambient,8 week,-1.10699672887411e-5
1052,Mcapitata,Physiology,12 week,ATAC,1,Ambient,Ambient,10 week,5.65443692359313e-4
1052,Mcapitata,Physiology,12 week,ATAC,1,Ambient,Ambient,12 week,2.24537114676228e-4
1063,Mcapitata,Physiology,16 week,ATAC,1,Ambient,Ambient,1 week,7.16363351178788e-4
1063,Mcapitata,Physiology,16 week,ATAC,1,Ambient,Ambient,2 week,5.57177985496253e-4
1063,Mcapitata,Physiology,16 week,ATAC,1,Ambient,Ambient,4 week,4.45758626338467e-4
1063,Mcapitata,Physiology,16 week,ATAC,1,Ambient,Ambient,6 week,0.0014511076656035
1063,Mcapitata,Physiology,16 week,ATAC,1,Ambient,Ambient,8 week,-1.87598239699059e-4
1063,Mcapitata,Physiology,16 week,ATAC,1,Ambient,Ambient,10 week,6.48165039546024e-4
1063,Mcapitata,Physiology,16 week,ATAC,1,Ambient,Ambient,12 week,8.56478372188204e-6
1063,Mcapitata,Physiology,16 week,ATAC,1,Ambient,Ambient,14 week,6.48121621505001e-4
1063,Mcapitata,Physiology,16 week,ATAC,1,Ambient,Ambient,16 week,-0.00131333265811337
1065,Mcapitata,Physiology,6 week,ATAC,1,Ambient,Ambient,1 week,3.53947955208713e-4
1065,Mcapitata,Physiology,6 week,ATAC,1,Ambient,Ambient,2 week,2.65480536576422e-4
1065,Mcapitata,Physiology,6 week,ATAC,1,Ambient,Ambient,4 week,3.77568811921823e-4
1065,Mcapitata,Physiology,6 week,ATAC,1,Ambient,Ambient,6 week,8.53131796868118e-4
1075,Pacuta,Physiology,16 week,ATAC,1,Ambient,Ambient,1 week,3.42371840138954e-4
1075,Pacuta,Physiology,16 week,ATAC,1,Ambient,Ambient,2 week,3.47837204668256e-4
1075,Pacuta,Physiology,16 week,ATAC,1,Ambient,Ambient,4 week,4.3044360387562e-4
1075,Pacuta,Physiology,16 week,ATAC,1,Ambient,Ambient,6 week,8.67880297759276e-4
1075,Pacuta,Physiology,16 week,ATAC,1,Ambient,Ambient,8 week,-2.3289539019218e-4
1075,Pacuta,Physiology,16 week,ATAC,1,Ambient,Ambient,10 week,5.5918293398907e-5
1075,Pacuta,Physiology,16 week,ATAC,1,Ambient,Ambient,12 week,-1.39717155626019e-4
1075,Pacuta,Physiology,16 week,ATAC,1,Ambient,Ambient,14 week,1.95627934080158e-4
1075,Pacuta,Physiology,16 week,ATAC,1,Ambient,Ambient,16 week,8.85233873933226e-5
1084,Pacuta,Physiology,8 week,ATAC,1,Ambient,Ambient,1 week,2.35396075000294e-4
1084,Pacuta,Physiology,8 week,ATAC,1,Ambient,Ambient,2 week,2.81423167755574e-4
1084,Pacuta,Physiology,8 week,ATAC,1,Ambient,Ambient,4 week,3.11729896242456e-4
1084,Pacuta,Physiology,8 week,ATAC,1,Ambient,Ambient,6 week,4.09624572811418e-4
1084,Pacuta,Physiology,8 week,ATAC,1,Ambient,Ambient,8 week,-8.11558887302248e-5
1085,Mcapitata,Physiology,4 week,HTHC,2,High,High,1 week,4.24161472366671e-4
1085,Mcapitata,Physiology,4 week,HTHC,2,High,High,2 week,4.36532499425248e-4
1085,Mcapitata,Physiology,4 week,HTHC,2,High,High,4 week,2.06393517911598e-4
1086,Pacuta,Physiology,8 week,ATAC,1,Ambient,Ambient,1 week,2.710966958417e-4
1086,Pacuta,Physiology,8 week,ATAC,1,Ambient,Ambient,2 week,3.02280376866935e-4
1086,Pacuta,Physiology,8 week,ATAC,1,Ambient,Ambient,4 week,-2.60226614325862e-4
1086,Pacuta,Physiology,8 week,ATAC,1,Ambient,Ambient,6 week,3.42740928712612e-4
1086,Pacuta,Physiology,8 week,ATAC,1,Ambient,Ambient,8 week,5.80208916436083e-4
1088,Pacuta,Physiology,6 week,ATAC,1,Ambient,Ambient,1 week,5.43478730519778e-4
1088,Pacuta,Physiology,6 week,ATAC,1,Ambient,Ambient,2 week,6.9625383514082e-4
1088,Pacuta,Physiology,6 week,ATAC,1,Ambient,Ambient,4 week,7.27514624067779e-4
1088,Pacuta,Physiology,6 week,ATAC,1,Ambient,Ambient,6 week,0.0011738788450639
1091,Mcapitata,Physiology,8 week,HTHC,2,High,High,1 week,2.97783062485183e-4
1091,Mcapitata,Physiology,8 week,HTHC,2,High,High,2 week,3.82864179381407e-4
1091,Mcapitata,Physiology,8 week,HTHC,2,High,High,4 week,3.97060021383738e-4
1091,Mcapitata,Physiology,8 week,HTHC,2,High,High,6 week,2.35618877268296e-4
1091,Mcapitata,Physiology,8 week,HTHC,2,High,High,8 week,2.79564401211474e-4
1092,Mcapitata,Physiology,4 week,HTHC,2,High,High,1 week,1.25250470554728e-4
1092,Mcapitata,Physiology,4 week,HTHC,2,High,High,2 week,1.16896501834804e-4
1092,Mcapitata,Physiology,4 week,HTHC,2,High,High,4 week,1.53658974100557e-4
1094,Pacuta,Physiology,2 week,HTHC,2,High,High,1 week,4.01296331784013e-4
1094,Pacuta,Physiology,2 week,HTHC,2,High,High,2 week,3.43967566035924e-4
1102,Mcapitata,Physiology,16 week,ATAC,1,Ambient,Ambient,1 week,3.36519203770907e-4
1102,Mcapitata,Physiology,16 week,ATAC,1,Ambient,Ambient,2 week,1.65332939737024e-4
1102,Mcapitata,Physiology,16 week,ATAC,1,Ambient,Ambient,4 week,3.40098466386309e-4
1102,Mcapitata,Physiology,16 week,ATAC,1,Ambient,Ambient,6 week,0.00129710335124923
1102,Mcapitata,Physiology,16 week,ATAC,1,Ambient,Ambient,8 week,5.06308146307852e-5
1102,Mcapitata,Physiology,16 week,ATAC,1,Ambient,Ambient,10 week,1.92328112503166e-4
1102,Mcapitata,Physiology,16 week,ATAC,1,Ambient,Ambient,12 week,-2.53000920801367e-4
1102,Mcapitata,Physiology,16 week,ATAC,1,Ambient,Ambient,14 week,3.94714503363597e-4
1102,Mcapitata,Physiology,16 week,ATAC,1,Ambient,Ambient,16 week,1.72081934919407e-4
1111,Pacuta,Physiology,16 week,ATAC,1,Ambient,Ambient,1 week,6.62737531285591e-4
1111,Pacuta,Physiology,16 week,ATAC,1,Ambient,Ambient,2 week,7.12414097515113e-4
1111,Pacuta,Physiology,16 week,ATAC,1,Ambient,Ambient,8 week,-4.22464781809585e-4
1111,Pacuta,Physiology,16 week,ATAC,1,Ambient,Ambient,10 week,2.23689580389163e-4
1111,Pacuta,Physiology,16 week,ATAC,1,Ambient,Ambient,12 week,-3.81032418397531e-4
1111,Pacuta,Physiology,16 week,ATAC,1,Ambient,Ambient,14 week,6.29567514071158e-4
1111,Pacuta,Physiology,16 week,ATAC,1,Ambient,Ambient,16 week,8.30049883680098e-6
1122,Mcapitata,Physiology,2 week,HTHC,2,High,High,1 week,1.16185782435862e-4
1122,Mcapitata,Physiology,2 week,HTHC,2,High,High,2 week,7.74541720440636e-5
1130,Pacuta,Physiology,6 week,HTHC,2,High,High,1 week,3.56423570140107e-4
1130,Pacuta,Physiology,6 week,HTHC,2,High,High,2 week,2.89770769592774e-4
1130,Pacuta,Physiology,6 week,HTHC,2,High,High,4 week,7.04769434292002e-4
1130,Pacuta,Physiology,6 week,HTHC,2,High,High,6 week,1.06978362621523e-5
1133,Mcapitata,Physiology,6 week,HTHC,2,High,High,1 week,4.03457501247e-4
1133,Mcapitata,Physiology,6 week,HTHC,2,High,High,2 week,3.26605210228173e-4
1133,Mcapitata,Physiology,6 week,HTHC,2,High,High,4 week,8.45369011259502e-4
1133,Mcapitata,Physiology,6 week,HTHC,2,High,High,6 week,-4.43381217408932e-4
1135,Mcapitata,Physiology,16 week,HTHC,2,High,High,1 week,4.22402527855995e-4
1135,Mcapitata,Physiology,16 week,HTHC,2,High,High,2 week,2.50296218930783e-4
1135,Mcapitata,Physiology,16 week,HTHC,2,High,High,4 week,3.62969341016888e-4
1135,Mcapitata,Physiology,16 week,HTHC,2,High,High,6 week,1.1553271164412e-4
1135,Mcapitata,Physiology,16 week,HTHC,2,High,High,8 week,2.5479442153624e-4
1135,Mcapitata,Physiology,16 week,HTHC,2,High,High,10 week,-4.42454785559199e-4
1135,Mcapitata,Physiology,16 week,HTHC,2,High,High,12 week,4.02387366920384e-4
1135,Mcapitata,Physiology,16 week,HTHC,2,High,High,14 week,-1.60963445647298e-4
1135,Mcapitata,Physiology,16 week,HTHC,2,High,High,16 week,6.57140329494791e-4
1136,Mcapitata,Physiology,6 week,ATHC,3,Ambient,High,1 week,1.31948814833445e-4
1136,Mcapitata,Physiology,6 week,ATHC,3,Ambient,High,2 week,-1.59936402298604e-5
1136,Mcapitata,Physiology,6 week,ATHC,3,Ambient,High,4 week,2.11148050599601e-4
1136,Mcapitata,Physiology,6 week,ATHC,3,Ambient,High,6 week,1.62408963887452e-4
1142,Mcapitata,Physiology,12 week,ATHC,3,Ambient,High,1 week,3.44036304842363e-4
1142,Mcapitata,Physiology,12 week,ATHC,3,Ambient,High,2 week,1.98367606064108e-4
1142,Mcapitata,Physiology,12 week,ATHC,3,Ambient,High,4 week,3.47155663245664e-4
1142,Mcapitata,Physiology,12 week,ATHC,3,Ambient,High,6 week,3.1471683069262e-4
1142,Mcapitata,Physiology,12 week,ATHC,3,Ambient,High,8 week,3.13505670894221e-4
1142,Mcapitata,Physiology,12 week,ATHC,3,Ambient,High,10 week,6.58889184255016e-4
1142,Mcapitata,Physiology,12 week,ATHC,3,Ambient,High,12 week,1.06295970541382e-4
1149,Pacuta,Physiology,16 week,ATHC,3,Ambient,High,1 week,-2.57056961889387e-5
1149,Pacuta,Physiology,16 week,ATHC,3,Ambient,High,2 week,0.0117407367362233
1149,Pacuta,Physiology,16 week,ATHC,3,Ambient,High,4 week,-0.00424857935065826
1149,Pacuta,Physiology,16 week,ATHC,3,Ambient,High,6 week,1.63407247014855e-4
1149,Pacuta,Physiology,16 week,ATHC,3,Ambient,High,8 week,2.79012291580501e-4
1149,Pacuta,Physiology,16 week,ATHC,3,Ambient,High,10 week,4.74811982504477e-4
1149,Pacuta,Physiology,16 week,ATHC,3,Ambient,High,12 week,-1.81076840393851e-4
1149,Pacuta,Physiology,16 week,ATHC,3,Ambient,High,14 week,6.36076173404639e-5
1149,Pacuta,Physiology,16 week,ATHC,3,Ambient,High,16 week,1.46985426739205e-5
1162,Mcapitata,Physiology,6 week,HTHC,2,High,High,1 week,3.01501043355855e-4
1162,Mcapitata,Physiology,6 week,HTHC,2,High,High,2 week,3.41703881765994e-4
1162,Mcapitata,Physiology,6 week,HTHC,2,High,High,4 week,3.69857509174679e-4
1162,Mcapitata,Physiology,6 week,HTHC,2,High,High,6 week,7.4217909500701e-5
1166,Mcapitata,Physiology,8 week,ATAC,1,Ambient,Ambient,1 week,2.06693920850699e-4
1166,Mcapitata,Physiology,8 week,ATAC,1,Ambient,Ambient,2 week,1.51554874583344e-4
1166,Mcapitata,Physiology,8 week,ATAC,1,Ambient,Ambient,4 week,4.11546925503068e-4
1166,Mcapitata,Physiology,8 week,ATAC,1,Ambient,Ambient,6 week,0.00117227832184255
1166,Mcapitata,Physiology,8 week,ATAC,1,Ambient,Ambient,8 week,-1.58441565796285e-4
1170,Pacuta,Physiology,6 week,HTHC,2,High,High,1 week,-7.45105336964601e-4
1170,Pacuta,Physiology,6 week,HTHC,2,High,High,2 week,2.78483273031111e-4
1170,Pacuta,Physiology,6 week,HTHC,2,High,High,4 week,-1.16392346058942e-4
1170,Pacuta,Physiology,6 week,HTHC,2,High,High,6 week,2.28294625154095e-4
1181,Pacuta,Physiology,4 week,ATAC,1,Ambient,Ambient,1 week,3.9675037703327e-4
1181,Pacuta,Physiology,4 week,ATAC,1,Ambient,Ambient,2 week,5.06360808977649e-4
1181,Pacuta,Physiology,4 week,ATAC,1,Ambient,Ambient,4 week,5.86468846777159e-4
1185,Mcapitata,Physiology,12 week,HTHC,2,High,High,1 week,3.15280115878817e-4
1185,Mcapitata,Physiology,12 week,HTHC,2,High,High,2 week,2.29287999156268e-4
1185,Mcapitata,Physiology,12 week,HTHC,2,High,High,4 week,6.11479106550214e-4
1185,Mcapitata,Physiology,12 week,HTHC,2,High,High,6 week,-2.93985062121437e-4
1185,Mcapitata,Physiology,12 week,HTHC,2,High,High,8 week,1.09191227347575e-4
1185,Mcapitata,Physiology,12 week,HTHC,2,High,High,10 week,5.39073117971851e-8
1185,Mcapitata,Physiology,12 week,HTHC,2,High,High,12 week,7.10208742352748e-5
1191,Pacuta,Physiology,8 week,HTHC,2,High,High,1 week,3.83013606540715e-4
1191,Pacuta,Physiology,8 week,HTHC,2,High,High,2 week,2.18857291741629e-4
1191,Pacuta,Physiology,8 week,HTHC,2,High,High,4 week,1.9844368306287e-4
1191,Pacuta,Physiology,8 week,HTHC,2,High,High,6 week,1.34668697190167e-5
1191,Pacuta,Physiology,8 week,HTHC,2,High,High,8 week,-6.25450551268739e-6
1194,Pacuta,Physiology,4 week,ATHC,3,Ambient,High,1 week,1.98983169108328e-4
1194,Pacuta,Physiology,4 week,ATHC,3,Ambient,High,2 week,2.285865775286e-4
1208,Mcapitata,Physiology,12 week,ATHC,3,Ambient,High,1 week,2.70362575255911e-4
1208,Mcapitata,Physiology,12 week,ATHC,3,Ambient,High,2 week,4.80648575620958e-5
1208,Mcapitata,Physiology,12 week,ATHC,3,Ambient,High,4 week,2.40339142248262e-4
1208,Mcapitata,Physiology,12 week,ATHC,3,Ambient,High,6 week,7.76437298821195e-5
1208,Mcapitata,Physiology,12 week,ATHC,3,Ambient,High,8 week,2.78106098135446e-4
1208,Mcapitata,Physiology,12 week,ATHC,3,Ambient,High,10 week,6.6950762556135e-4
1208,Mcapitata,Physiology,12 week,ATHC,3,Ambient,High,12 week,1.08172605645303e-4
1210,Mcapitata,Physiology,12 week,ATAC,1,Ambient,Ambient,1 week,3.76072084137745e-4
1210,Mcapitata,Physiology,12 week,ATAC,1,Ambient,Ambient,2 week,3.13377664973705e-4
1210,Mcapitata,Physiology,12 week,ATAC,1,Ambient,Ambient,4 week,4.63131498763001e-4
1210,Mcapitata,Physiology,12 week,ATAC,1,Ambient,Ambient,10 week,2.08941035404845e-4
1210,Mcapitata,Physiology,12 week,ATAC,1,Ambient,Ambient,12 week,-3.65355791406073e-5
1214,Pacuta,Physiology,8 week,ATHC,3,Ambient,High,1 week,5.11751382539346e-4
1214,Pacuta,Physiology,8 week,ATHC,3,Ambient,High,2 week,4.9721369687053e-4
1214,Pacuta,Physiology,8 week,ATHC,3,Ambient,High,4 week,4.35869998772521e-4
1214,Pacuta,Physiology,8 week,ATHC,3,Ambient,High,6 week,2.85633291131019e-4
1214,Pacuta,Physiology,8 week,ATHC,3,Ambient,High,8 week,2.40311365151804e-4
1215,Pacuta,Physiology,12 week,ATHC,3,Ambient,High,1 week,8.96703606192026e-4
1215,Pacuta,Physiology,12 week,ATHC,3,Ambient,High,2 week,8.51671883867712e-4
1215,Pacuta,Physiology,12 week,ATHC,3,Ambient,High,4 week,7.33765453064453e-4
1215,Pacuta,Physiology,12 week,ATHC,3,Ambient,High,6 week,5.21586134893677e-4
1215,Pacuta,Physiology,12 week,ATHC,3,Ambient,High,8 week,9.05507110171692e-4
1217,Pacuta,Physiology,4 week,ATHC,3,Ambient,High,1 week,1.25756639737627e-5
1217,Pacuta,Physiology,4 week,ATHC,3,Ambient,High,2 week,4.44564956546556e-4
1222,Pacuta,Physiology,2 week,ATAC,1,Ambient,Ambient,1 week,1.93733590893353e-4
1222,Pacuta,Physiology,2 week,ATAC,1,Ambient,Ambient,2 week,2.06679182747628e-4
1224,Pacuta,Physiology,6 week,ATHC,3,Ambient,High,1 week,2.86277422608955e-4
1224,Pacuta,Physiology,6 week,ATHC,3,Ambient,High,2 week,3.92016488135501e-4
1224,Pacuta,Physiology,6 week,ATHC,3,Ambient,High,4 week,3.75535790107151e-4
1224,Pacuta,Physiology,6 week,ATHC,3,Ambient,High,6 week,1.99979772621742e-4
1226,Mcapitata,Physiology,4 week,ATHC,3,Ambient,High,1 week,3.55845329720644e-4
1226,Mcapitata,Physiology,4 week,ATHC,3,Ambient,High,2 week,9.03764076339956e-5
1228,Pacuta,Physiology,4 week,HTHC,2,High,High,1 week,3.16101743823136e-4
1228,Pacuta,Physiology,4 week,HTHC,2,High,High,2 week,3.39895228686573e-4
1228,Pacuta,Physiology,4 week,HTHC,2,High,High,4 week,3.94296739946852e-4
1233,Pacuta,Physiology,4 week,HTHC,2,High,High,1 week,8.35832834988512e-4
1233,Pacuta,Physiology,4 week,HTHC,2,High,High,2 week,7.02012908364348e-4
1233,Pacuta,Physiology,4 week,HTHC,2,High,High,4 week,5.01944085772497e-4
1234,Mcapitata,Physiology,2 week,HTAC,4,High,Ambient,1 week,1.8096934747038e-4
1234,Mcapitata,Physiology,2 week,HTAC,4,High,Ambient,2 week,9.22643773706738e-5
1241,Mcapitata,Physiology,12 week,HTAC,4,High,Ambient,4 week,5.06248075006243e-4
1241,Mcapitata,Physiology,12 week,HTAC,4,High,Ambient,6 week,6.99042727052492e-4
1241,Mcapitata,Physiology,12 week,HTAC,4,High,Ambient,8 week,0.0012199924673403
1241,Mcapitata,Physiology,12 week,HTAC,4,High,Ambient,10 week,-0.00115864408895415
1247,Pacuta,Physiology,12 week,ATHC,3,Ambient,High,1 week,4.00996372878741e-4
1247,Pacuta,Physiology,12 week,ATHC,3,Ambient,High,2 week,5.94919906717632e-4
1247,Pacuta,Physiology,12 week,ATHC,3,Ambient,High,4 week,8.55492629325778e-4
1247,Pacuta,Physiology,12 week,ATHC,3,Ambient,High,6 week,6.11717384675849e-4
1247,Pacuta,Physiology,12 week,ATHC,3,Ambient,High,8 week,5.32539193346717e-4
1249,Pacuta,Physiology,8 week,ATHC,3,Ambient,High,1 week,2.03767801070999e-4
1249,Pacuta,Physiology,8 week,ATHC,3,Ambient,High,2 week,-0.00761536512429216
1249,Pacuta,Physiology,8 week,ATHC,3,Ambient,High,4 week,0.00336909129767566
1249,Pacuta,Physiology,8 week,ATHC,3,Ambient,High,6 week,1.61227692771075e-4
1249,Pacuta,Physiology,8 week,ATHC,3,Ambient,High,8 week,-2.0293010138135e-4
1256,Pacuta,Physiology,6 week,ATHC,3,Ambient,High,1 week,2.75060903373417e-4
1256,Pacuta,Physiology,6 week,ATHC,3,Ambient,High,2 week,3.31833097202922e-4
1256,Pacuta,Physiology,6 week,ATHC,3,Ambient,High,4 week,3.14383670673795e-4
1256,Pacuta,Physiology,6 week,ATHC,3,Ambient,High,6 week,2.25698952566314e-4
1264,Mcapitata,Physiology,4 week,HTHC,5,High,High,1 week,3.20680157078907e-4
1264,Mcapitata,Physiology,4 week,HTHC,5,High,High,2 week,5.37919566280696e-4
1264,Mcapitata,Physiology,4 week,HTHC,5,High,High,4 week,5.31056560582872e-4
1272,Mcapitata,Physiology,16 week,HTHC,5,High,High,1 week,2.17173706217977e-4
1272,Mcapitata,Physiology,16 week,HTHC,5,High,High,2 week,-5.32316967409119e-5
1272,Mcapitata,Physiology,16 week,HTHC,5,High,High,4 week,2.42039469352495e-4
1272,Mcapitata,Physiology,16 week,HTHC,5,High,High,6 week,6.44536481604111e-5
1272,Mcapitata,Physiology,16 week,HTHC,5,High,High,8 week,3.72264463520547e-5
1272,Mcapitata,Physiology,16 week,HTHC,5,High,High,10 week,-7.15420522307874e-5
1272,Mcapitata,Physiology,16 week,HTHC,5,High,High,12 week,1.06426301319982e-4
1272,Mcapitata,Physiology,16 week,HTHC,5,High,High,14 week,1.26324828958818e-4
1272,Mcapitata,Physiology,16 week,HTHC,5,High,High,16 week,2.39389390864607e-4
1273,Mcapitata,Physiology,12 week,HTHC,5,High,High,1 week,7.53034999215549e-4
1273,Mcapitata,Physiology,12 week,HTHC,5,High,High,2 week,4.73327927700767e-4
1273,Mcapitata,Physiology,12 week,HTHC,5,High,High,4 week,6.92890064036715e-4
1273,Mcapitata,Physiology,12 week,HTHC,5,High,High,6 week,2.08575606987236e-4
1273,Mcapitata,Physiology,12 week,HTHC,5,High,High,8 week,1.00260458413915e-5
1273,Mcapitata,Physiology,12 week,HTHC,5,High,High,10 week,-1.96840008861269e-4
1273,Mcapitata,Physiology,12 week,HTHC,5,High,High,12 week,2.69058164947455e-4
1275,Pacuta,Physiology,4 week,HTAC,4,High,Ambient,1 week,5.39001262899424e-4
1275,Pacuta,Physiology,4 week,HTAC,4,High,Ambient,2 week,5.35188967957753e-4
1275,Pacuta,Physiology,4 week,HTAC,4,High,Ambient,4 week,8.62450312287539e-4
1284,Mcapitata,Physiology,16 week,HTAC,4,High,Ambient,1 week,1.15188564329343e-4
1284,Mcapitata,Physiology,16 week,HTAC,4,High,Ambient,2 week,1.53600187739089e-4
1284,Mcapitata,Physiology,16 week,HTAC,4,High,Ambient,4 week,2.69825967249749e-4
1284,Mcapitata,Physiology,16 week,HTAC,4,High,Ambient,6 week,1.60287697709e-4
1284,Mcapitata,Physiology,16 week,HTAC,4,High,Ambient,8 week,3.87377305316587e-4
1284,Mcapitata,Physiology,16 week,HTAC,4,High,Ambient,10 week,-3.32877400204374e-4
1284,Mcapitata,Physiology,16 week,HTAC,4,High,Ambient,16 week,2.63347840411652e-4
1285,Mcapitata,Physiology,6 week,HTAC,4,High,Ambient,1 week,1.47156142588544e-4
1285,Mcapitata,Physiology,6 week,HTAC,4,High,Ambient,2 week,3.92311845280057e-5
1285,Mcapitata,Physiology,6 week,HTAC,4,High,Ambient,4 week,1.56995703975856e-4
1285,Mcapitata,Physiology,6 week,HTAC,4,High,Ambient,6 week,7.24538554035004e-5
1286,Mcapitata,Physiology,6 week,HTAC,4,High,Ambient,1 week,4.78613898212359e-5
1286,Mcapitata,Physiology,6 week,HTAC,4,High,Ambient,2 week,5.10627853407557e-5
1286,Mcapitata,Physiology,6 week,HTAC,4,High,Ambient,4 week,1.55749713591304e-4
1286,Mcapitata,Physiology,6 week,HTAC,4,High,Ambient,6 week,1.148947273184e-4
1288,Pacuta,Physiology,6 week,HTAC,4,High,Ambient,1 week,1.82036677038232e-4
1288,Pacuta,Physiology,6 week,HTAC,4,High,Ambient,2 week,-1.01255204899932e-5
1288,Pacuta,Physiology,6 week,HTAC,4,High,Ambient,4 week,1.5374009984286e-4
1288,Pacuta,Physiology,6 week,HTAC,4,High,Ambient,6 week,9.33652078324509e-5
1298,Pacuta,Physiology,6 week,HTAC,4,High,Ambient,1 week,2.93553212874748e-4
1298,Pacuta,Physiology,6 week,HTAC,4,High,Ambient,2 week,2.21650202330645e-4
1298,Pacuta,Physiology,6 week,HTAC,4,High,Ambient,4 week,1.71671559079471e-4
1298,Pacuta,Physiology,6 week,HTAC,4,High,Ambient,6 week,7.8353976951796e-5
1300,Mcapitata,Physiology,8 week,ATHC,3,Ambient,High,1 week,3.3073111572776e-4
1300,Mcapitata,Physiology,8 week,ATHC,3,Ambient,High,2 week,2.72989553463876e-4
1300,Mcapitata,Physiology,8 week,ATHC,3,Ambient,High,4 week,3.83598296789744e-4
1300,Mcapitata,Physiology,8 week,ATHC,3,Ambient,High,6 week,4.58752724926647e-4
1300,Mcapitata,Physiology,8 week,ATHC,3,Ambient,High,8 week,5.489946803522e-4
1309,Mcapitata,Physiology,8 week,HTAC,4,High,Ambient,1 week,1.94584445069304e-4
1309,Mcapitata,Physiology,8 week,HTAC,4,High,Ambient,2 week,8.64888248968929e-5
1309,Mcapitata,Physiology,8 week,HTAC,4,High,Ambient,4 week,2.59484038696706e-4
1309,Mcapitata,Physiology,8 week,HTAC,4,High,Ambient,6 week,2.99403405986455e-4
1309,Mcapitata,Physiology,8 week,HTAC,4,High,Ambient,8 week,0.00113021750835567
1316,Mcapitata,Physiology,4 week,HTAC,4,High,Ambient,1 week,2.35260441950128e-4
1316,Mcapitata,Physiology,4 week,HTAC,4,High,Ambient,2 week,2.76795183302296e-4
1316,Mcapitata,Physiology,4 week,HTAC,4,High,Ambient,4 week,3.72759640256889e-4
1318,Mcapitata,Physiology,12 week,HTAC,4,High,Ambient,1 week,1.98849376108364e-4
1318,Mcapitata,Physiology,12 week,HTAC,4,High,Ambient,2 week,2.09342398477763e-4
1318,Mcapitata,Physiology,12 week,HTAC,4,High,Ambient,4 week,5.35939392225042e-4
1318,Mcapitata,Physiology,12 week,HTAC,4,High,Ambient,6 week,4.63782476639566e-4
1318,Mcapitata,Physiology,12 week,HTAC,4,High,Ambient,8 week,0.00111654347372783
1318,Mcapitata,Physiology,12 week,HTAC,4,High,Ambient,10 week,-4.25083481842326e-4
1325,Mcapitata,Physiology,8 week,HTAC,4,High,Ambient,1 week,2.39757219366258e-4
1325,Mcapitata,Physiology,8 week,HTAC,4,High,Ambient,2 week,2.9307066513655e-4
1325,Mcapitata,Physiology,8 week,HTAC,4,High,Ambient,4 week,2.71758626948968e-4
1325,Mcapitata,Physiology,8 week,HTAC,4,High,Ambient,6 week,1.84452550713957e-4
1325,Mcapitata,Physiology,8 week,HTAC,4,High,Ambient,8 week,7.19384680311036e-4
1327,Pacuta,Physiology,8 week,HTAC,4,High,Ambient,1 week,3.29723461178527e-4
1327,Pacuta,Physiology,8 week,HTAC,4,High,Ambient,2 week,4.20559540708797e-4
1327,Pacuta,Physiology,8 week,HTAC,4,High,Ambient,4 week,3.0587582348621e-4
1327,Pacuta,Physiology,8 week,HTAC,4,High,Ambient,6 week,2.02922629134508e-4
1327,Pacuta,Physiology,8 week,HTAC,4,High,Ambient,8 week,8.64104575407849e-4
1337,Mcapitata,Physiology,12 week,HTHC,5,High,High,1 week,3.63665476576159e-4
1337,Mcapitata,Physiology,12 week,HTHC,5,High,High,2 week,3.56241316575638e-4
1337,Mcapitata,Physiology,12 week,HTHC,5,High,High,4 week,1.24692810334806e-4
1337,Mcapitata,Physiology,12 week,HTHC,5,High,High,6 week,8.99897575496268e-6
1337,Mcapitata,Physiology,12 week,HTHC,5,High,High,8 week,-2.60147747786943e-6
1337,Mcapitata,Physiology,12 week,HTHC,5,High,High,10 week,-5.09189920024862e-5
1337,Mcapitata,Physiology,12 week,HTHC,5,High,High,12 week,2.80627549721037e-6
1344,Pacuta,Physiology,2 week,HTAC,4,High,Ambient,1 week,4.59468490316477e-4
1344,Pacuta,Physiology,2 week,HTAC,4,High,Ambient,2 week,5.72865637813242e-4
1353,Mcapitata,Physiology,4 week,HTHC,5,High,High,1 week,3.1154613822786e-4
1353,Mcapitata,Physiology,4 week,HTHC,5,High,High,2 week,3.29844780880667e-4
1353,Mcapitata,Physiology,4 week,HTHC,5,High,High,4 week,4.10533932391158e-4
1410,Mcapitata,Physiology,6 week,HTHC,5,High,High,1 week,4.10958713898018e-4
1410,Mcapitata,Physiology,6 week,HTHC,5,High,High,2 week,3.91160339321201e-5
1410,Mcapitata,Physiology,6 week,HTHC,5,High,High,4 week,3.28793737612849e-4
1410,Mcapitata,Physiology,6 week,HTHC,5,High,High,6 week,2.74003054392601e-4
1411,Pacuta,Physiology,4 week,HTHC,5,High,High,1 week,2.96595524601201e-4
1411,Pacuta,Physiology,4 week,HTHC,5,High,High,2 week,4.15229755814141e-4
1411,Pacuta,Physiology,4 week,HTHC,5,High,High,4 week,5.26008300920834e-4
1413,Mcapitata,Physiology,6 week,HTHC,5,High,High,1 week,5.24442675099449e-4
1413,Mcapitata,Physiology,6 week,HTHC,5,High,High,2 week,4.43741046965506e-4
1413,Mcapitata,Physiology,6 week,HTHC,5,High,High,4 week,4.64389382627182e-4
1414,Pacuta,Physiology,4 week,HTHC,5,High,High,1 week,1.69919429039718e-4
1414,Pacuta,Physiology,4 week,HTHC,5,High,High,2 week,1.51015482495768e-4
1414,Pacuta,Physiology,4 week,HTHC,5,High,High,4 week,1.64481423610909e-4
1422,Pacuta,Physiology,6 week,HTHC,5,High,High,1 week,3.02142750266358e-4
1422,Pacuta,Physiology,6 week,HTHC,5,High,High,2 week,3.0868828946963e-4
1422,Pacuta,Physiology,6 week,HTHC,5,High,High,4 week,2.91208888551765e-4
1422,Pacuta,Physiology,6 week,HTHC,5,High,High,6 week,1.41569692504586e-5
1423,Pacuta,Physiology,6 week,ATAC,6,Ambient,Ambient,1 week,4.45465449380059e-4
1423,Pacuta,Physiology,6 week,ATAC,6,Ambient,Ambient,2 week,7.54277250107504e-4
1423,Pacuta,Physiology,6 week,ATAC,6,Ambient,Ambient,4 week,6.62743641199445e-4
1423,Pacuta,Physiology,6 week,ATAC,6,Ambient,Ambient,6 week,3.18953091458353e-4
1434,Pacuta,Physiology,16 week,ATAC,6,Ambient,Ambient,1 week,5.13418682308005e-4
1434,Pacuta,Physiology,16 week,ATAC,6,Ambient,Ambient,2 week,4.47244997039519e-4
1434,Pacuta,Physiology,16 week,ATAC,6,Ambient,Ambient,4 week,5.27131152101664e-4
1434,Pacuta,Physiology,16 week,ATAC,6,Ambient,Ambient,6 week,3.38857112996931e-4
1434,Pacuta,Physiology,16 week,ATAC,6,Ambient,Ambient,8 week,1.65889273913097e-4
1434,Pacuta,Physiology,16 week,ATAC,6,Ambient,Ambient,10 week,3.38858997079285e-4
1434,Pacuta,Physiology,16 week,ATAC,6,Ambient,Ambient,12 week,1.47234681284879e-4
1434,Pacuta,Physiology,16 week,ATAC,6,Ambient,Ambient,14 week,1.47165939198958e-4
1434,Pacuta,Physiology,16 week,ATAC,6,Ambient,Ambient,16 week,2.15657812266618e-4
1438,Mcapitata,Physiology,8 week,ATAC,6,Ambient,Ambient,1 week,3.52806211962069e-4
1438,Mcapitata,Physiology,8 week,ATAC,6,Ambient,Ambient,2 week,3.13166859296386e-4
1438,Mcapitata,Physiology,8 week,ATAC,6,Ambient,Ambient,4 week,4.43512022683876e-4
1438,Mcapitata,Physiology,8 week,ATAC,6,Ambient,Ambient,6 week,4.48180519236103e-4
1438,Mcapitata,Physiology,8 week,ATAC,6,Ambient,Ambient,8 week,5.40814267995186e-4
1441,Pacuta,Physiology,8 week,HTHC,5,High,High,1 week,3.06754658443112e-5
1441,Pacuta,Physiology,8 week,HTHC,5,High,High,2 week,7.83908194346851e-5
1441,Pacuta,Physiology,8 week,HTHC,5,High,High,4 week,9.70541092697955e-5
1441,Pacuta,Physiology,8 week,HTHC,5,High,High,6 week,3.12129254936629e-5
1441,Pacuta,Physiology,8 week,HTHC,5,High,High,8 week,-4.93270731857856e-5
1443,Mcapitata,Physiology,6 week,ATAC,6,Ambient,Ambient,1 week,5.11480782218286e-4
1443,Mcapitata,Physiology,6 week,ATAC,6,Ambient,Ambient,2 week,5.02314773877484e-4
1443,Mcapitata,Physiology,6 week,ATAC,6,Ambient,Ambient,4 week,5.49834694311426e-4
1443,Mcapitata,Physiology,6 week,ATAC,6,Ambient,Ambient,6 week,4.70365390004774e-4
1444,Mcapitata,Physiology,6 week,ATAC,6,Ambient,Ambient,1 week,3.96159459433983e-4
1444,Mcapitata,Physiology,6 week,ATAC,6,Ambient,Ambient,2 week,4.66866605239281e-4
1444,Mcapitata,Physiology,6 week,ATAC,6,Ambient,Ambient,4 week,7.10589988683492e-4
1444,Mcapitata,Physiology,6 week,ATAC,6,Ambient,Ambient,6 week,5.75647557970172e-4
1447,Mcapitata,Physiology,8 week,HTHC,5,High,High,1 week,3.6166727384464e-4
1447,Mcapitata,Physiology,8 week,HTHC,5,High,High,2 week,3.83819843405364e-4
1447,Mcapitata,Physiology,8 week,HTHC,5,High,High,4 week,4.54707642886215e-4
1447,Mcapitata,Physiology,8 week,HTHC,5,High,High,6 week,2.62339612071083e-4
1447,Mcapitata,Physiology,8 week,HTHC,5,High,High,8 week,7.577769501295e-5
1448,Mcapitata,Physiology,12 week,ATAC,6,Ambient,Ambient,1 week,0.00103899643982451
1448,Mcapitata,Physiology,12 week,ATAC,6,Ambient,Ambient,2 week,0.00115905749682565
1448,Mcapitata,Physiology,12 week,ATAC,6,Ambient,Ambient,4 week,9.82911075118963e-4
1448,Mcapitata,Physiology,12 week,ATAC,6,Ambient,Ambient,6 week,6.71440552309512e-4
1448,Mcapitata,Physiology,12 week,ATAC,6,Ambient,Ambient,8 week,9.81886879604072e-4
1448,Mcapitata,Physiology,12 week,ATAC,6,Ambient,Ambient,10 week,0.00147715542253543
1448,Mcapitata,Physiology,12 week,ATAC,6,Ambient,Ambient,12 week,7.35127040243812e-4
1454,Mcapitata,Physiology,8 week,HTHC,2,High,High,1 week,2.43750195429551e-4
1454,Mcapitata,Physiology,8 week,HTHC,2,High,High,2 week,2.32145114501831e-4
1454,Mcapitata,Physiology,8 week,HTHC,2,High,High,4 week,6.5623285639227e-4
1454,Mcapitata,Physiology,8 week,HTHC,2,High,High,6 week,-5.00038602078235e-4
1454,Mcapitata,Physiology,8 week,HTHC,2,High,High,8 week,-6.43411591816782e-4
1456,Pacuta,Physiology,12 week,ATAC,6,Ambient,Ambient,1 week,6.3625001915914e-4
1456,Pacuta,Physiology,12 week,ATAC,6,Ambient,Ambient,2 week,0.00110355249363722
1456,Pacuta,Physiology,12 week,ATAC,6,Ambient,Ambient,4 week,9.43839317105291e-4
1456,Pacuta,Physiology,12 week,ATAC,6,Ambient,Ambient,6 week,6.16197346374094e-4
1456,Pacuta,Physiology,12 week,ATAC,6,Ambient,Ambient,8 week,3.83829489446583e-4
1456,Pacuta,Physiology,12 week,ATAC,6,Ambient,Ambient,10 week,4.61611822492929e-4
1456,Pacuta,Physiology,12 week,ATAC,6,Ambient,Ambient,12 week,2.42644747197492e-4
1469,Mcapitata,Physiology,12 week,HTAC,7,High,Ambient,1 week,3.88902851987344e-4
1469,Mcapitata,Physiology,12 week,HTAC,7,High,Ambient,2 week,2.40752400808388e-4
1469,Mcapitata,Physiology,12 week,HTAC,7,High,Ambient,4 week,4.8152310475436e-4
1469,Mcapitata,Physiology,12 week,HTAC,7,High,Ambient,6 week,3.09161777626037e-4
1469,Mcapitata,Physiology,12 week,HTAC,7,High,Ambient,8 week,3.9756676551336e-4
1469,Mcapitata,Physiology,12 week,HTAC,7,High,Ambient,10 week,3.59083835624494e-4
1469,Mcapitata,Physiology,12 week,HTAC,7,High,Ambient,12 week,6.2048888761087e-4
1472,Pacuta,Physiology,16 week,ATAC,6,Ambient,Ambient,6 week,2.9821327858205e-4
1472,Pacuta,Physiology,16 week,ATAC,6,Ambient,Ambient,8 week,2.33572812519963e-4
1472,Pacuta,Physiology,16 week,ATAC,6,Ambient,Ambient,10 week,5.42204268573731e-4
1472,Pacuta,Physiology,16 week,ATAC,6,Ambient,Ambient,12 week,-0.0011250355376809
1472,Pacuta,Physiology,16 week,ATAC,6,Ambient,Ambient,14 week,0.00147749467086811
1472,Pacuta,Physiology,16 week,ATAC,6,Ambient,Ambient,16 week,1.01677356283706e-4
1473,Pacuta,Physiology,12 week,ATAC,6,Ambient,Ambient,1 week,0.00103969549540709
1473,Pacuta,Physiology,12 week,ATAC,6,Ambient,Ambient,2 week,8.42505018523873e-4
1473,Pacuta,Physiology,12 week,ATAC,6,Ambient,Ambient,4 week,9.07361232198699e-4
1473,Pacuta,Physiology,12 week,ATAC,6,Ambient,Ambient,6 week,7.2101669900716e-4
1473,Pacuta,Physiology,12 week,ATAC,6,Ambient,Ambient,8 week,6.54346027974626e-4
1473,Pacuta,Physiology,12 week,ATAC,6,Ambient,Ambient,10 week,8.18232342322757e-4
1473,Pacuta,Physiology,12 week,ATAC,6,Ambient,Ambient,12 week,-0.00366983148640132
1482,Pacuta,Physiology,12 week,ATAC,6,Ambient,Ambient,1 week,0.00453683157701375
1482,Pacuta,Physiology,12 week,ATAC,6,Ambient,Ambient,2 week,0.00246971470943314
1482,Pacuta,Physiology,12 week,ATAC,6,Ambient,Ambient,4 week,0.00210902308445176
1482,Pacuta,Physiology,12 week,ATAC,6,Ambient,Ambient,6 week,0.00123491907230087
1482,Pacuta,Physiology,12 week,ATAC,6,Ambient,Ambient,8 week,5.37661187315234e-4
1482,Pacuta,Physiology,12 week,ATAC,6,Ambient,Ambient,10 week,0.0024960893583899
1482,Pacuta,Physiology,12 week,ATAC,6,Ambient,Ambient,12 week,6.57020065260241e-4
1484,Pacuta,Physiology,4 week,ATAC,6,Ambient,Ambient,1 week,4.00978335285401e-4
1484,Pacuta,Physiology,4 week,ATAC,6,Ambient,Ambient,2 week,5.35882407834293e-4
1484,Pacuta,Physiology,4 week,ATAC,6,Ambient,Ambient,4 week,5.32808698925911e-4
1489,Mcapitata,Physiology,12 week,ATAC,6,Ambient,Ambient,8 week,3.39898045897645e-4
1489,Mcapitata,Physiology,12 week,ATAC,6,Ambient,Ambient,10 week,9.91919924135844e-4
1489,Mcapitata,Physiology,12 week,ATAC,6,Ambient,Ambient,12 week,-7.88579858653214e-5
1492,Pacuta,Physiology,16 week,ATHC,3,Ambient,High,1 week,3.34982957728089e-4
1492,Pacuta,Physiology,16 week,ATHC,3,Ambient,High,2 week,4.08643786758509e-4
1492,Pacuta,Physiology,16 week,ATHC,3,Ambient,High,4 week,3.38332643815042e-4
1492,Pacuta,Physiology,16 week,ATHC,3,Ambient,High,6 week,1.62287581019403e-4
1492,Pacuta,Physiology,16 week,ATHC,3,Ambient,High,8 week,9.36915116199186e-5
1492,Pacuta,Physiology,16 week,ATHC,3,Ambient,High,10 week,2.60690190564806e-4
1492,Pacuta,Physiology,16 week,ATHC,3,Ambient,High,12 week,-2.52488481771089e-4
1492,Pacuta,Physiology,16 week,ATHC,3,Ambient,High,14 week,8.12145257656861e-6
1492,Pacuta,Physiology,16 week,ATHC,3,Ambient,High,16 week,8.16000592093094e-6
1494,Mcapitata,Physiology,4 week,HTAC,7,High,Ambient,1 week,5.40760309339964e-4
1494,Mcapitata,Physiology,4 week,HTAC,7,High,Ambient,2 week,3.60517367874491e-4
1494,Mcapitata,Physiology,4 week,HTAC,7,High,Ambient,4 week,4.60663899727672e-4
1498,Mcapitata,Physiology,4 week,ATHC,3,Ambient,High,1 week,7.27923559895351e-4
1498,Mcapitata,Physiology,4 week,ATHC,3,Ambient,High,2 week,2.12133233946177e-4
1498,Mcapitata,Physiology,4 week,ATHC,3,Ambient,High,4 week,3.31948556703026e-4
1533,Mcapitata,Physiology,8 week,ATAC,8,Ambient,Ambient,8 week,1.86750569404837e-4
1534,Mcapitata,Physiology,4 week,ATAC,6,Ambient,Ambient,1 week,6.21564918254968e-4
1534,Mcapitata,Physiology,4 week,ATAC,6,Ambient,Ambient,2 week,2.6634944498838e-4
1534,Mcapitata,Physiology,4 week,ATAC,6,Ambient,Ambient,4 week,5.0760339546526e-4
1537,Pacuta,Physiology,6 week,HTAC,7,High,Ambient,1 week,4.706360564697e-4
1537,Pacuta,Physiology,6 week,HTAC,7,High,Ambient,2 week,3.09281987755953e-4
1537,Pacuta,Physiology,6 week,HTAC,7,High,Ambient,4 week,2.08429417018975e-4
1537,Pacuta,Physiology,6 week,HTAC,7,High,Ambient,6 week,-3.11352972754211e-4
1540,Mcapitata,Physiology,16 week,ATAC,6,Ambient,Ambient,1 week,2.55978016200179e-4
1540,Mcapitata,Physiology,16 week,ATAC,6,Ambient,Ambient,2 week,5.72188843477959e-5
1540,Mcapitata,Physiology,16 week,ATAC,6,Ambient,Ambient,4 week,5.29734157052125e-4
1540,Mcapitata,Physiology,16 week,ATAC,6,Ambient,Ambient,6 week,0.00036247771391701897
1540,Mcapitata,Physiology,16 week,ATAC,6,Ambient,Ambient,8 week,4.67411106389755e-4
1540,Mcapitata,Physiology,16 week,ATAC,6,Ambient,Ambient,10 week,6.24796507014741e-4
1540,Mcapitata,Physiology,16 week,ATAC,6,Ambient,Ambient,12 week,4.19739846205875e-4
1540,Mcapitata,Physiology,16 week,ATAC,6,Ambient,Ambient,14 week,5.43707827014741e-4
1540,Mcapitata,Physiology,16 week,ATAC,6,Ambient,Ambient,16 week,6.6783949537788e-5
1541,Mcapitata,Physiology,6 week,ATHC,3,Ambient,High,1 week,2.96177901815204e-4
1541,Mcapitata,Physiology,6 week,ATHC,3,Ambient,High,2 week,1.57969626216787e-4
1541,Mcapitata,Physiology,6 week,ATHC,3,Ambient,High,4 week,3.03316962299784e-4
1541,Mcapitata,Physiology,6 week,ATHC,3,Ambient,High,6 week,3.86412082872035e-4
1547,Pacuta,Physiology,12 week,HTAC,7,High,Ambient,1 week,2.34842394663118e-4
1547,Pacuta,Physiology,12 week,HTAC,7,High,Ambient,2 week,2.47909061324464e-4
1547,Pacuta,Physiology,12 week,HTAC,7,High,Ambient,4 week,3.52288720144237e-4
1547,Pacuta,Physiology,12 week,HTAC,7,High,Ambient,6 week,1.33499584806364e-4
1547,Pacuta,Physiology,12 week,HTAC,7,High,Ambient,8 week,5.47963747316413e-5
1547,Pacuta,Physiology,12 week,HTAC,7,High,Ambient,10 week,-3.09086567642725e-4
1547,Pacuta,Physiology,12 week,HTAC,7,High,Ambient,12 week,1.56612297071882e-4
1551,Mcapitata,Physiology,4 week,ATAC,8,Ambient,Ambient,1 week,3.26171357858487e-4
1551,Mcapitata,Physiology,4 week,ATAC,8,Ambient,Ambient,2 week,4.86516318099354e-4
1551,Mcapitata,Physiology,4 week,ATAC,8,Ambient,Ambient,4 week,8.75217005664639e-4
1566,Pacuta,Physiology,6 week,HTAC,7,High,Ambient,1 week,5.47506075384913e-4
1566,Pacuta,Physiology,6 week,HTAC,7,High,Ambient,2 week,4.35538242012016e-4
1566,Pacuta,Physiology,6 week,HTAC,7,High,Ambient,4 week,3.60866985893874e-4
1566,Pacuta,Physiology,6 week,HTAC,7,High,Ambient,6 week,1.60826096772703e-4
1568,Mcapitata,Physiology,16 week,HTAC,9,High,Ambient,1 week,6.63434070700683e-4
1568,Mcapitata,Physiology,16 week,HTAC,9,High,Ambient,2 week,9.88422304949703e-4
1568,Mcapitata,Physiology,16 week,HTAC,9,High,Ambient,4 week,0.00191747030935169
1568,Mcapitata,Physiology,16 week,HTAC,9,High,Ambient,6 week,-6.09299132342641e-4
1568,Mcapitata,Physiology,16 week,HTAC,9,High,Ambient,8 week,5.68686502622539e-4
1568,Mcapitata,Physiology,16 week,HTAC,9,High,Ambient,10 week,-1.53038949227677e-4
1568,Mcapitata,Physiology,16 week,HTAC,9,High,Ambient,12 week,6.09750493632507e-5
1568,Mcapitata,Physiology,16 week,HTAC,9,High,Ambient,14 week,1.01540094012084e-4
1568,Mcapitata,Physiology,16 week,HTAC,9,High,Ambient,16 week,9.47978316026571e-5
1572,Pacuta,Physiology,8 week,HTAC,7,High,Ambient,8 week,9.77912445670746e-5
1573,Pacuta,Physiology,2 week,HTAC,7,High,Ambient,1 week,2.8099845612522e-4
1573,Pacuta,Physiology,2 week,HTAC,7,High,Ambient,2 week,2.31834754468329e-4
1578,Pacuta,Physiology,16 week,ATAC,8,Ambient,Ambient,1 week,4.02546620332043e-4
1578,Pacuta,Physiology,16 week,ATAC,8,Ambient,Ambient,2 week,4.9201594243462e-4
1578,Pacuta,Physiology,16 week,ATAC,8,Ambient,Ambient,4 week,0.00106936590967696
1578,Pacuta,Physiology,16 week,ATAC,8,Ambient,Ambient,6 week,-5.92800711672545e-4
1578,Pacuta,Physiology,16 week,ATAC,8,Ambient,Ambient,8 week,4.81806664248843e-5
1578,Pacuta,Physiology,16 week,ATAC,8,Ambient,Ambient,10 week,5.36773777151511e-5
1578,Pacuta,Physiology,16 week,ATAC,8,Ambient,Ambient,12 week,4.02923876367051e-5
1578,Pacuta,Physiology,16 week,ATAC,8,Ambient,Ambient,14 week,8.05009773894245e-5
1578,Pacuta,Physiology,16 week,ATAC,8,Ambient,Ambient,16 week,7.15790565911342e-5
1584,Mcapitata,Physiology,6 week,HTAC,7,High,Ambient,1 week,8.45223244901021e-4
1584,Mcapitata,Physiology,6 week,HTAC,7,High,Ambient,2 week,6.63618416201028e-4
1584,Mcapitata,Physiology,6 week,HTAC,7,High,Ambient,4 week,8.73183377661003e-4
1584,Mcapitata,Physiology,6 week,HTAC,7,High,Ambient,6 week,3.23492131468801e-4
1586,Mcapitata,Physiology,8 week,HTAC,7,High,Ambient,1 week,0.00118308601807305
1586,Mcapitata,Physiology,8 week,HTAC,7,High,Ambient,2 week,0.00102029299376044
1586,Mcapitata,Physiology,8 week,HTAC,7,High,Ambient,4 week,8.08635386112968e-4
1586,Mcapitata,Physiology,8 week,HTAC,7,High,Ambient,6 week,7.59805671130297e-4
1586,Mcapitata,Physiology,8 week,HTAC,7,High,Ambient,8 week,5.3691360974399e-4
1592,Mcapitata,Physiology,6 week,ATAC,8,Ambient,Ambient,1 week,2.27505780704094e-4
1592,Mcapitata,Physiology,6 week,ATAC,8,Ambient,Ambient,2 week,1.21893837239944e-4
1592,Mcapitata,Physiology,6 week,ATAC,8,Ambient,Ambient,4 week,0.00101070985498831
1592,Mcapitata,Physiology,6 week,ATAC,8,Ambient,Ambient,6 week,-3.33693597382489e-4
1597,Mcapitata,Physiology,8 week,HTAC,9,High,Ambient,1 week,4.84769112495861e-4
1597,Mcapitata,Physiology,8 week,HTAC,9,High,Ambient,2 week,4.03997258136791e-4
1597,Mcapitata,Physiology,8 week,HTAC,9,High,Ambient,4 week,0.00198392052191934
1597,Mcapitata,Physiology,8 week,HTAC,9,High,Ambient,6 week,-0.00102614586368692
1597,Mcapitata,Physiology,8 week,HTAC,9,High,Ambient,8 week,3.39356712936194e-4
1599,Mcapitata,Physiology,8 week,ATAC,6,Ambient,Ambient,1 week,9.21708405911686e-5
1599,Mcapitata,Physiology,8 week,ATAC,6,Ambient,Ambient,2 week,1.40407318706542e-4
1599,Mcapitata,Physiology,8 week,ATAC,6,Ambient,Ambient,4 week,2.33465172819158e-4
1599,Mcapitata,Physiology,8 week,ATAC,6,Ambient,Ambient,6 week,1.40424814611905e-4
1599,Mcapitata,Physiology,8 week,ATAC,6,Ambient,Ambient,8 week,1.89039047411298e-4
1606,Pacuta,Physiology,4 week,HTAC,4,High,Ambient,1 week,4.0386410926999e-4
1606,Pacuta,Physiology,4 week,HTAC,4,High,Ambient,2 week,2.32868372847144e-4
1606,Pacuta,Physiology,4 week,HTAC,4,High,Ambient,4 week,3.95891349274053e-4
1608,Mcapitata,Physiology,12 week,HTHC,10,High,High,1 week,3.15950267831297e-4
1608,Mcapitata,Physiology,12 week,HTHC,10,High,High,2 week,3.66519161226207e-4
1608,Mcapitata,Physiology,12 week,HTHC,10,High,High,4 week,4.01524655950988e-4
1608,Mcapitata,Physiology,12 week,HTHC,10,High,High,6 week,1.58008759537274e-4
1608,Mcapitata,Physiology,12 week,HTHC,10,High,High,8 week,2.12325219921055e-4
1608,Mcapitata,Physiology,12 week,HTHC,10,High,High,10 week,-1.35537411137161e-5
1608,Mcapitata,Physiology,12 week,HTHC,10,High,High,12 week,3.60247761676885e-4
1615,Pacuta,Physiology,12 week,HTAC,4,High,Ambient,1 week,-0.00369277995724887
1615,Pacuta,Physiology,12 week,HTAC,4,High,Ambient,2 week,0.00506435444755145
1615,Pacuta,Physiology,12 week,HTAC,4,High,Ambient,4 week,1.00484219670434e-4
1615,Pacuta,Physiology,12 week,HTAC,4,High,Ambient,6 week,4.40557127601285e-5
1615,Pacuta,Physiology,12 week,HTAC,4,High,Ambient,8 week,2.51213530705859e-4
1615,Pacuta,Physiology,12 week,HTAC,4,High,Ambient,10 week,-3.24612267726869e-4
1616,Mcapitata,Physiology,16 week,ATAC,6,Ambient,Ambient,1 week,2.82400723289158e-4
1616,Mcapitata,Physiology,16 week,ATAC,6,Ambient,Ambient,2 week,3.22717275532256e-4
1616,Mcapitata,Physiology,16 week,ATAC,6,Ambient,Ambient,4 week,3.76526407700864e-4
1616,Mcapitata,Physiology,16 week,ATAC,6,Ambient,Ambient,6 week,2.6221998077333e-4
1616,Mcapitata,Physiology,16 week,ATAC,6,Ambient,Ambient,8 week,2.65017041935534e-4
1616,Mcapitata,Physiology,16 week,ATAC,6,Ambient,Ambient,10 week,5.44607575965226e-4
1616,Mcapitata,Physiology,16 week,ATAC,6,Ambient,Ambient,12 week,3.59063100147958e-4
1616,Mcapitata,Physiology,16 week,ATAC,6,Ambient,Ambient,14 week,1.49256424017847e-4
1616,Mcapitata,Physiology,16 week,ATAC,6,Ambient,Ambient,16 week,6.37402192156659e-4
1618,Pacuta,Physiology,8 week,HTHC,5,High,High,1 week,3.57148219181036e-4
1618,Pacuta,Physiology,8 week,HTHC,5,High,High,2 week,3.09121019128549e-4
1618,Pacuta,Physiology,8 week,HTHC,5,High,High,4 week,2.80731662992322e-4
1618,Pacuta,Physiology,8 week,HTHC,5,High,High,6 week,1.92817604130068e-4
1618,Pacuta,Physiology,8 week,HTHC,5,High,High,8 week,-4.67994401742042e-5
1630,Pacuta,Physiology,8 week,ATAC,6,Ambient,Ambient,1 week,9.5147805092047e-4
1630,Pacuta,Physiology,8 week,ATAC,6,Ambient,Ambient,2 week,5.31837544398455e-4
1630,Pacuta,Physiology,8 week,ATAC,6,Ambient,Ambient,4 week,3.53019735656705e-4
1630,Pacuta,Physiology,8 week,ATAC,6,Ambient,Ambient,6 week,1.65471736694962e-4
1630,Pacuta,Physiology,8 week,ATAC,6,Ambient,Ambient,8 week,-0.00107553463078548
1634,Mcapitata,Physiology,12 week,HTAC,7,High,Ambient,1 week,1.40356439784116e-4
1634,Mcapitata,Physiology,12 week,HTAC,7,High,Ambient,2 week,3.50873323701352e-5
1634,Mcapitata,Physiology,12 week,HTAC,7,High,Ambient,4 week,1.16976792167359e-4
1634,Mcapitata,Physiology,12 week,HTAC,7,High,Ambient,6 week,5.03990270998808e-5
1634,Mcapitata,Physiology,12 week,HTAC,7,High,Ambient,8 week,-1.0918724278663e-4
1634,Mcapitata,Physiology,12 week,HTAC,7,High,Ambient,10 week,9.4536364961014e-5
1636,Pacuta,Physiology,8 week,ATAC,6,Ambient,Ambient,1 week,4.00119641885553e-4
1636,Pacuta,Physiology,8 week,ATAC,6,Ambient,Ambient,2 week,9.17866301347469e-4
1636,Pacuta,Physiology,8 week,ATAC,6,Ambient,Ambient,4 week,1.74173539707774e-4
1636,Pacuta,Physiology,8 week,ATAC,6,Ambient,Ambient,6 week,2.24429174847404e-4
1636,Pacuta,Physiology,8 week,ATAC,6,Ambient,Ambient,8 week,7.87607465804418e-5
1638,Mcapitata,Physiology,16 week,HTAC,7,High,Ambient,1 week,4.1503158803705e-4
1638,Mcapitata,Physiology,16 week,HTAC,7,High,Ambient,2 week,3.35233610608787e-4
1638,Mcapitata,Physiology,16 week,HTAC,7,High,Ambient,4 week,3.83117866085122e-4
1638,Mcapitata,Physiology,16 week,HTAC,7,High,Ambient,6 week,2.70775804905279e-4
1638,Mcapitata,Physiology,16 week,HTAC,7,High,Ambient,8 week,2.68183792359025e-4
1638,Mcapitata,Physiology,16 week,HTAC,7,High,Ambient,10 week,-2.79314341974158e-4
1638,Mcapitata,Physiology,16 week,HTAC,7,High,Ambient,12 week,4.27061921832691e-4
1638,Mcapitata,Physiology,16 week,HTAC,7,High,Ambient,14 week,6.02620870109058e-4
1638,Mcapitata,Physiology,16 week,HTAC,7,High,Ambient,16 week,5.82688135910314e-4
1649,Mcapitata,Physiology,16 week,ATAC,8,Ambient,Ambient,1 week,3.37545691295084e-4
1649,Mcapitata,Physiology,16 week,ATAC,8,Ambient,Ambient,2 week,1.53444963002775e-4
1649,Mcapitata,Physiology,16 week,ATAC,8,Ambient,Ambient,4 week,-0.00261898455456744
1649,Mcapitata,Physiology,16 week,ATAC,8,Ambient,Ambient,6 week,0.00296434239680755
1649,Mcapitata,Physiology,16 week,ATAC,8,Ambient,Ambient,8 week,4.29626317195783e-4
1649,Mcapitata,Physiology,16 week,ATAC,8,Ambient,Ambient,10 week,3.91260426300011e-4
1649,Mcapitata,Physiology,16 week,ATAC,8,Ambient,Ambient,12 week,3.22244613358453e-4
1649,Mcapitata,Physiology,16 week,ATAC,8,Ambient,Ambient,14 week,4.83309577349322e-4
1649,Mcapitata,Physiology,16 week,ATAC,8,Ambient,Ambient,16 week,5.06347724312121e-4
1679,Mcapitata,Physiology,4 week,ATAC,8,Ambient,Ambient,1 week,8.32749976738627e-4
1679,Mcapitata,Physiology,4 week,ATAC,8,Ambient,Ambient,2 week,7.054124018852e-4
1679,Mcapitata,Physiology,4 week,ATAC,8,Ambient,Ambient,4 week,0.00161430137639197
1686,Pacuta,Physiology,8 week,ATAC,8,Ambient,Ambient,1 week,5.97952963114694e-4
1686,Pacuta,Physiology,8 week,ATAC,8,Ambient,Ambient,2 week,4.93995757139276e-4
1686,Pacuta,Physiology,8 week,ATAC,8,Ambient,Ambient,4 week,0.00285588865323228
1686,Pacuta,Physiology,8 week,ATAC,8,Ambient,Ambient,6 week,-0.00167432331636911
1686,Pacuta,Physiology,8 week,ATAC,8,Ambient,Ambient,8 week,1.68008766430886e-4
1688,Mcapitata,Physiology,12 week,HTAC,9,High,Ambient,8 week,1.84815716733683e-4
1688,Mcapitata,Physiology,12 week,HTAC,9,High,Ambient,10 week,3.56011927582991e-5
1688,Mcapitata,Physiology,12 week,HTAC,9,High,Ambient,12 week,-1.56725378745011e-4
1690,Pacuta,Physiology,2 week,ATAC,8,Ambient,Ambient,1 week,6.40671777241009e-4
1690,Pacuta,Physiology,2 week,ATAC,8,Ambient,Ambient,2 week,7.34456870116959e-4
1702,Pacuta,Physiology,8 week,HTAC,9,High,Ambient,1 week,4.82228230377164e-4
1702,Pacuta,Physiology,8 week,HTAC,9,High,Ambient,2 week,4.21989923283246e-4
1702,Pacuta,Physiology,8 week,HTAC,9,High,Ambient,4 week,0.00149315386077768
1702,Pacuta,Physiology,8 week,HTAC,9,High,Ambient,6 week,-9.04239364760692e-4
1702,Pacuta,Physiology,8 week,HTAC,9,High,Ambient,8 week,-1.12527025838933e-5
1713,Pacuta,Physiology,8 week,HTHC,10,High,High,1 week,8.70241332313501e-4
1713,Pacuta,Physiology,8 week,HTHC,10,High,High,2 week,4.3511328756133e-4
1713,Pacuta,Physiology,8 week,HTHC,10,High,High,4 week,3.6573222561694e-4
1713,Pacuta,Physiology,8 week,HTHC,10,High,High,6 week,-3.28980567656446e-4
1713,Pacuta,Physiology,8 week,HTHC,10,High,High,8 week,-1.93167994448253e-4
1725,Mcapitata,Physiology,8 week,HTAC,9,High,Ambient,1 week,4.54365629091419e-4
1725,Mcapitata,Physiology,8 week,HTAC,9,High,Ambient,2 week,1.28167928964414e-4
1725,Mcapitata,Physiology,8 week,HTAC,9,High,Ambient,4 week,0.00126727996656346
1725,Mcapitata,Physiology,8 week,HTAC,9,High,Ambient,6 week,-7.5149669886123e-4
1725,Mcapitata,Physiology,8 week,HTAC,9,High,Ambient,8 week,-2.88174208236781e-4
1727,Mcapitata,Physiology,6 week,HTAC,9,High,Ambient,1 week,4.62266721869869e-4
1727,Mcapitata,Physiology,6 week,HTAC,9,High,Ambient,2 week,2.06084940809518e-4
1727,Mcapitata,Physiology,6 week,HTAC,9,High,Ambient,4 week,6.74788583654738e-4
1727,Mcapitata,Physiology,6 week,HTAC,9,High,Ambient,6 week,-3.95450353064747e-4
1737,Mcapitata,Physiology,8 week,HTHC,10,High,High,1 week,4.03182742381503e-4
1737,Mcapitata,Physiology,8 week,HTHC,10,High,High,2 week,2.81008771698285e-4
1737,Mcapitata,Physiology,8 week,HTHC,10,High,High,4 week,3.28948672424163e-4
1737,Mcapitata,Physiology,8 week,HTHC,10,High,High,6 week,2.62716941726385e-4
1737,Mcapitata,Physiology,8 week,HTHC,10,High,High,8 week,1.88148705136469e-4
1738,Pacuta,Physiology,8 week,HTAC,9,High,Ambient,1 week,4.03351051222843e-4
1738,Pacuta,Physiology,8 week,HTAC,9,High,Ambient,2 week,3.89934478186028e-4
1738,Pacuta,Physiology,8 week,HTAC,9,High,Ambient,4 week,9.08626841003537e-4
1738,Pacuta,Physiology,8 week,HTAC,9,High,Ambient,6 week,-4.50436074198965e-4
1738,Pacuta,Physiology,8 week,HTAC,9,High,Ambient,8 week,-6.5887202999299e-5
1743,Mcapitata,Physiology,16 week,HTHC,10,High,High,1 week,4.44633934638462e-4
1743,Mcapitata,Physiology,16 week,HTHC,10,High,High,2 week,3.41235325635092e-4
1743,Mcapitata,Physiology,16 week,HTHC,10,High,High,4 week,3.11808883881628e-4
1743,Mcapitata,Physiology,16 week,HTHC,10,High,High,6 week,2.06837291415212e-4
1743,Mcapitata,Physiology,16 week,HTHC,10,High,High,8 week,1.68889704115697e-4
1743,Mcapitata,Physiology,16 week,HTHC,10,High,High,10 week,1.11908855384926e-5
1743,Mcapitata,Physiology,16 week,HTHC,10,High,High,12 week,1.03711208647089e-5
1743,Mcapitata,Physiology,16 week,HTHC,10,High,High,14 week,2.06746993351182e-5
1743,Mcapitata,Physiology,16 week,HTHC,10,High,High,16 week,2.99899064767051e-4
1749,Mcapitata,Physiology,8 week,HTHC,10,High,High,8 week,2.07555802072511e-4
1752,Pacuta,Physiology,6 week,ATAC,6,Ambient,Ambient,1 week,4.84534677627114e-4
1752,Pacuta,Physiology,6 week,ATAC,6,Ambient,Ambient,2 week,8.19654406911615e-4
1752,Pacuta,Physiology,6 week,ATAC,6,Ambient,Ambient,4 week,9.94559307634891e-4
1752,Pacuta,Physiology,6 week,ATAC,6,Ambient,Ambient,6 week,5.46491212040571e-5
1753,Pacuta,Physiology,2 week,ATAC,8,Ambient,Ambient,1 week,8.77275699868234e-4
1753,Pacuta,Physiology,2 week,ATAC,8,Ambient,Ambient,2 week,0.00101829312995521
1756,Pacuta,Physiology,4 week,ATAC,6,Ambient,Ambient,1 week,7.43704709170203e-4
1756,Pacuta,Physiology,4 week,ATAC,6,Ambient,Ambient,2 week,6.5294888785479e-4
1756,Pacuta,Physiology,4 week,ATAC,6,Ambient,Ambient,4 week,6.67507121303438e-4
1760,Mcapitata,Physiology,6 week,HTAC,7,High,Ambient,1 week,3.45271455638216e-4
1760,Mcapitata,Physiology,6 week,HTAC,7,High,Ambient,2 week,2.7301977614268e-4
1760,Mcapitata,Physiology,6 week,HTAC,7,High,Ambient,4 week,3.21192078875091e-4
1760,Mcapitata,Physiology,6 week,HTAC,7,High,Ambient,6 week,2.50792524030952e-4
1772,Pacuta,Physiology,4 week,HTAC,7,High,Ambient,1 week,2.95811375012701e-4
1772,Pacuta,Physiology,4 week,HTAC,7,High,Ambient,2 week,2.05793007023352e-4
1772,Pacuta,Physiology,4 week,HTAC,7,High,Ambient,4 week,1.83284824320899e-4
1774,Mcapitata,Physiology,8 week,ATAC,8,Ambient,Ambient,1 week,4.56203182458047e-4
1774,Mcapitata,Physiology,8 week,ATAC,8,Ambient,Ambient,2 week,5.25648088241919e-4
1774,Mcapitata,Physiology,8 week,ATAC,8,Ambient,Ambient,4 week,0.00148462394641023
1774,Mcapitata,Physiology,8 week,ATAC,8,Ambient,Ambient,6 week,-3.42496969014781e-4
1774,Mcapitata,Physiology,8 week,ATAC,8,Ambient,Ambient,8 week,4.37917056718776e-4
1778,Pacuta,Physiology,6 week,HTHC,10,High,High,1 week,3.51318892595822e-4
1778,Pacuta,Physiology,6 week,HTHC,10,High,High,2 week,4.09896694626446e-4
1778,Pacuta,Physiology,6 week,HTHC,10,High,High,4 week,2.73262701415468e-4
1778,Pacuta,Physiology,6 week,HTHC,10,High,High,6 week,1.56194731172796e-4
1811,Pacuta,Physiology,4 week,HTHC,10,High,High,1 week,5.39622099335497e-4
1811,Pacuta,Physiology,4 week,HTHC,10,High,High,2 week,4.48312882098727e-4
1811,Pacuta,Physiology,4 week,HTHC,10,High,High,4 week,2.54810567069572e-4
1822,Mcapitata,Physiology,6 week,HTHC,10,High,High,1 week,2.67806373017787e-4
1822,Mcapitata,Physiology,6 week,HTHC,10,High,High,2 week,1.89691844384795e-4
1824,Mcapitata,Physiology,16 week,HTHC,10,High,High,1 week,5.83783918064327e-4
1824,Mcapitata,Physiology,16 week,HTHC,10,High,High,2 week,9.63317544243955e-4
1824,Mcapitata,Physiology,16 week,HTHC,10,High,High,4 week,5.0298520365995e-4
1824,Mcapitata,Physiology,16 week,HTHC,10,High,High,6 week,1.60602598954717e-4
1824,Mcapitata,Physiology,16 week,HTHC,10,High,High,8 week,6.80853494445365e-5
1824,Mcapitata,Physiology,16 week,HTHC,10,High,High,10 week,-1.25616068119237e-4
1824,Mcapitata,Physiology,16 week,HTHC,10,High,High,12 week,1.31439126915354e-4
1824,Mcapitata,Physiology,16 week,HTHC,10,High,High,14 week,1.89733108555403e-4
1824,Mcapitata,Physiology,16 week,HTHC,10,High,High,16 week,3.06550787183937e-4
1998,Mcapitata,Physiology,16 week,HTAC,9,High,Ambient,1 week,4.32397623051644e-4
1998,Mcapitata,Physiology,16 week,HTAC,9,High,Ambient,2 week,2.45433810739162e-4
1998,Mcapitata,Physiology,16 week,HTAC,9,High,Ambient,4 week,0.00139705330047404
1998,Mcapitata,Physiology,16 week,HTAC,9,High,Ambient,6 week,-7.83036192290248e-4
1998,Mcapitata,Physiology,16 week,HTAC,9,High,Ambient,8 week,1.85439609768651e-4
1998,Mcapitata,Physiology,16 week,HTAC,9,High,Ambient,10 week,8.18648589983838e-5
1998,Mcapitata,Physiology,16 week,HTAC,9,High,Ambient,12 week,2.86373333381571e-4
1998,Mcapitata,Physiology,16 week,HTAC,9,High,Ambient,14 week,3.56451680623427e-4
1998,Mcapitata,Physiology,16 week,HTAC,9,High,Ambient,16 week,4.49973643434378e-4
2003,Mcapitata,Physiology,6 week,HTAC,9,High,Ambient,1 week,4.65393922688335e-4
2003,Mcapitata,Physiology,6 week,HTAC,9,High,Ambient,2 week,4.95448689935689e-4
2003,Mcapitata,Physiology,6 week,HTAC,9,High,Ambient,4 week,9.70098031787785e-4
2003,Mcapitata,Physiology,6 week,HTAC,9,High,Ambient,6 week,-5.74262572801244e-4
2004,Mcapitata,Physiology,12 week,HTAC,9,High,Ambient,1 week,2.22627319078281e-4
2004,Mcapitata,Physiology,12 week,HTAC,9,High,Ambient,2 week,1.11327350052381e-4
2004,Mcapitata,Physiology,12 week,HTAC,9,High,Ambient,4 week,0.00168701996558084
2004,Mcapitata,Physiology,12 week,HTAC,9,High,Ambient,6 week,-0.00137567650702923
2004,Mcapitata,Physiology,12 week,HTAC,9,High,Ambient,8 week,-8.16400295657114e-5
2004,Mcapitata,Physiology,12 week,HTAC,9,High,Ambient,10 week,-0.00127593308149247
2004,Mcapitata,Physiology,12 week,HTAC,9,High,Ambient,12 week,0.00120873699790512
2011,Mcapitata,Physiology,12 week,HTHC,10,High,High,1 week,3.78167123474624e-4
2011,Mcapitata,Physiology,12 week,HTHC,10,High,High,2 week,2.97141767075003e-4
2011,Mcapitata,Physiology,12 week,HTHC,10,High,High,4 week,3.00607786730377e-4
2011,Mcapitata,Physiology,12 week,HTHC,10,High,High,6 week,2.47639591139446e-4
2011,Mcapitata,Physiology,12 week,HTHC,10,High,High,8 week,2.22701526849878e-4
2011,Mcapitata,Physiology,12 week,HTHC,10,High,High,10 week,2.03688099798844e-4
2011,Mcapitata,Physiology,12 week,HTHC,10,High,High,12 week,3.91724902921184e-4
2013,Pacuta,Physiology,12 week,ATAC,8,Ambient,Ambient,8 week,1.07546731783368e-4
2013,Pacuta,Physiology,12 week,ATAC,8,Ambient,Ambient,10 week,7.88360003874817e-5
2013,Pacuta,Physiology,12 week,ATAC,8,Ambient,Ambient,12 week,1.94487823759904e-4
2014,Pacuta,Physiology,4 week,ATAC,8,Ambient,Ambient,1 week,3.56637856684604e-4
2014,Pacuta,Physiology,4 week,ATAC,8,Ambient,Ambient,2 week,3.9629061926357e-4
2014,Pacuta,Physiology,4 week,ATAC,8,Ambient,Ambient,4 week,0.00157192744766025
2015,Pacuta,Physiology,4 week,ATAC,8,Ambient,Ambient,1 week,7.53878238733272e-4
2015,Pacuta,Physiology,4 week,ATAC,8,Ambient,Ambient,2 week,6.3611092351688e-4
2015,Pacuta,Physiology,4 week,ATAC,8,Ambient,Ambient,4 week,0.00154133639284712
2018,Mcapitata,Physiology,16 week,HTHC,10,High,High,1 week,2.12288635526926e-4
2018,Mcapitata,Physiology,16 week,HTHC,10,High,High,2 week,2.4495555957114e-4
2018,Mcapitata,Physiology,16 week,HTHC,10,High,High,4 week,2.0225550498059e-4
2018,Mcapitata,Physiology,16 week,HTHC,10,High,High,6 week,1.47000628595816e-4
2018,Mcapitata,Physiology,16 week,HTHC,10,High,High,8 week,1.52330869734021e-5
2018,Mcapitata,Physiology,16 week,HTHC,10,High,High,10 week,-2.37383602061512e-4
2018,Mcapitata,Physiology,16 week,HTHC,10,High,High,12 week,4.6548184844613e-4
2018,Mcapitata,Physiology,16 week,HTHC,10,High,High,14 week,2.44967338393955e-4
2018,Mcapitata,Physiology,16 week,HTHC,10,High,High,16 week,5.22626601923128e-4
2044,Mcapitata,Physiology,8 week,ATHC,12,Ambient,High,6 week,4.25599250928682e-4
2044,Mcapitata,Physiology,8 week,ATHC,12,Ambient,High,8 week,4.98894869497521e-4
2058,Pacuta,Physiology,16 week,ATAC,8,Ambient,Ambient,8 week,1.84678617625751e-4
2058,Pacuta,Physiology,16 week,ATAC,8,Ambient,Ambient,10 week,4.24964682581467e-4
2058,Pacuta,Physiology,16 week,ATAC,8,Ambient,Ambient,12 week,4.92100851605173e-4
2058,Pacuta,Physiology,16 week,ATAC,8,Ambient,Ambient,14 week,4.10039850412952e-4
2058,Pacuta,Physiology,16 week,ATAC,8,Ambient,Ambient,16 week,4.99532971575245e-4
2060,Pacuta,Physiology,6 week,ATAC,8,Ambient,Ambient,1 week,6.36566365879495e-4
2060,Pacuta,Physiology,6 week,ATAC,8,Ambient,Ambient,2 week,7.24380224407336e-4
2060,Pacuta,Physiology,6 week,ATAC,8,Ambient,Ambient,4 week,0.00155429958728835
2060,Pacuta,Physiology,6 week,ATAC,8,Ambient,Ambient,6 week,-6.50478848892972e-4
2070,Mcapitata,Physiology,4 week,ATHC,11,Ambient,High,1 week,8.15315365097007e-4
2070,Mcapitata,Physiology,4 week,ATHC,11,Ambient,High,2 week,0.0010414101197618
2070,Mcapitata,Physiology,4 week,ATHC,11,Ambient,High,4 week,7.93784315852731e-4
2074,Pacuta,Physiology,4 week,HTHC,10,High,High,1 week,-2.56298848630265e-4
2074,Pacuta,Physiology,4 week,HTHC,10,High,High,2 week,7.50500496525286e-4
2074,Pacuta,Physiology,4 week,HTHC,10,High,High,4 week,3.54835302856401e-4
2075,Pacuta,Physiology,8 week,ATHC,11,Ambient,High,1 week,2.2054154093489e-4
2075,Pacuta,Physiology,8 week,ATHC,11,Ambient,High,2 week,4.07111252059882e-4
2075,Pacuta,Physiology,8 week,ATHC,11,Ambient,High,4 week,3.36718989269422e-4
2075,Pacuta,Physiology,8 week,ATHC,11,Ambient,High,6 week,3.79981565336444e-4
2075,Pacuta,Physiology,8 week,ATHC,11,Ambient,High,8 week,3.36697885524803e-4
2079,Pacuta,Physiology,8 week,HTHC,10,High,High,1 week,2.70861885230042e-4
2079,Pacuta,Physiology,8 week,HTHC,10,High,High,2 week,4.3171694983234e-4
2079,Pacuta,Physiology,8 week,HTHC,10,High,High,4 week,4.23909201964891e-4
2079,Pacuta,Physiology,8 week,HTHC,10,High,High,6 week,-2.1145706099212e-5
2079,Pacuta,Physiology,8 week,HTHC,10,High,High,8 week,2.40967748471032e-4
2156,Pacuta,Physiology,8 week,HTAC,4,High,Ambient,2 week,1.13083372721751e-4
2156,Pacuta,Physiology,8 week,HTAC,4,High,Ambient,4 week,3.34785355714051e-4
2156,Pacuta,Physiology,8 week,HTAC,4,High,Ambient,6 week,1.04402867978371e-4
2156,Pacuta,Physiology,8 week,HTAC,4,High,Ambient,8 week,0.00117628550740938
2164,Mcapitata,Physiology,4 week,HTAC,4,High,Ambient,1 week,1.94777156833278e-4
2164,Mcapitata,Physiology,4 week,HTAC,4,High,Ambient,2 week,1.37504260978387e-4
2164,Mcapitata,Physiology,4 week,HTAC,4,High,Ambient,4 week,2.9336319744397e-4
2169,Pacuta,Physiology,6 week,HTHC,5,High,High,1 week,3.73515988899848e-4
2169,Pacuta,Physiology,6 week,HTHC,5,High,High,2 week,2.70469119392769e-4
2169,Pacuta,Physiology,6 week,HTHC,5,High,High,4 week,3.36621759382927e-4
2169,Pacuta,Physiology,6 week,HTHC,5,High,High,6 week,9.71118063080864e-5
2172,Mcapitata,Physiology,8 week,HTHC,5,High,High,8 week,1.68769028038463e-4
2184,Mcapitata,Physiology,4 week,HTAC,9,High,Ambient,1 week,3.86735823194707e-4
2184,Mcapitata,Physiology,4 week,HTAC,9,High,Ambient,2 week,5.58662683597623e-4
2184,Mcapitata,Physiology,4 week,HTAC,9,High,Ambient,4 week,0.00152722423801612
2189,Pacuta,Physiology,4 week,HTAC,9,High,Ambient,1 week,5.37257319378676e-4
2189,Pacuta,Physiology,4 week,HTAC,9,High,Ambient,2 week,5.65583120304238e-4
2189,Pacuta,Physiology,4 week,HTAC,9,High,Ambient,4 week,0.00171301976306583
2192,Pacuta,Physiology,6 week,HTAC,9,High,Ambient,1 week,3.90160664866202e-4
2192,Pacuta,Physiology,6 week,HTAC,9,High,Ambient,2 week,3.68902937832909e-4
2192,Pacuta,Physiology,6 week,HTAC,9,High,Ambient,4 week,8.48034139685591e-4
2192,Pacuta,Physiology,6 week,HTAC,9,High,Ambient,6 week,-5.00145517320381e-4
2193,Mcapitata,Physiology,12 week,ATHC,11,Ambient,High,1 week,2.09150616264483e-4
2193,Mcapitata,Physiology,12 week,ATHC,11,Ambient,High,2 week,3.55534015334271e-4
2193,Mcapitata,Physiology,12 week,ATHC,11,Ambient,High,4 week,4.11890669553634e-4
2193,Mcapitata,Physiology,12 week,ATHC,11,Ambient,High,6 week,3.51356860191909e-4
2193,Mcapitata,Physiology,12 week,ATHC,11,Ambient,High,8 week,5.53452832958404e-4
2193,Mcapitata,Physiology,12 week,ATHC,11,Ambient,High,10 week,3.88424027785656e-4
2193,Mcapitata,Physiology,12 week,ATHC,11,Ambient,High,12 week,6.21501614906302e-4
2198,Mcapitata,Physiology,6 week,HTHC,10,High,High,1 week,3.84703203491421e-4
2198,Mcapitata,Physiology,6 week,HTHC,10,High,High,2 week,3.77972820185884e-4
2198,Mcapitata,Physiology,6 week,HTHC,10,High,High,4 week,3.2710038405226e-4
2198,Mcapitata,Physiology,6 week,HTHC,10,High,High,6 week,1.75509124990453e-4
2208,Pacuta,Physiology,12 week,ATHC,11,Ambient,High,1 week,7.58871264299311e-4
2208,Pacuta,Physiology,12 week,ATHC,11,Ambient,High,2 week,9.34383387692619e-4
2208,Pacuta,Physiology,12 week,ATHC,11,Ambient,High,4 week,-5.43601504718325e-4
2208,Pacuta,Physiology,12 week,ATHC,11,Ambient,High,6 week,0.00140444282455578
2208,Pacuta,Physiology,12 week,ATHC,11,Ambient,High,8 week,-6.16815814421999e-4
2208,Pacuta,Physiology,12 week,ATHC,11,Ambient,High,10 week,3.30094481895067e-4
2208,Pacuta,Physiology,12 week,ATHC,11,Ambient,High,12 week,4.61204405558395e-4
2211,Mcapitata,Physiology,8 week,ATHC,11,Ambient,High,8 week,4.65215669837396e-4
2301,Mcapitata,Physiology,16 week,ATAC,6,Ambient,Ambient,1 week,3.40006109182479e-4
2301,Mcapitata,Physiology,16 week,ATAC,6,Ambient,Ambient,2 week,3.53509652134217e-4
2301,Mcapitata,Physiology,16 week,ATAC,6,Ambient,Ambient,4 week,3.76786221045663e-4
2301,Mcapitata,Physiology,16 week,ATAC,6,Ambient,Ambient,6 week,4.63406669880368e-4
2301,Mcapitata,Physiology,16 week,ATAC,6,Ambient,Ambient,8 week,4.47611188581338e-4
2301,Mcapitata,Physiology,16 week,ATAC,6,Ambient,Ambient,10 week,5.23114604316776e-4
2301,Mcapitata,Physiology,16 week,ATAC,6,Ambient,Ambient,12 week,2.34133979677406e-4
2301,Mcapitata,Physiology,16 week,ATAC,6,Ambient,Ambient,14 week,4.77728451205538e-4
2301,Mcapitata,Physiology,16 week,ATAC,6,Ambient,Ambient,16 week,4.0609033382277e-4
2372,Mcapitata,Physiology,8 week,HTAC,7,High,Ambient,1 week,7.9917629545172e-4
2372,Mcapitata,Physiology,8 week,HTAC,7,High,Ambient,2 week,5.01817076048651e-4
2372,Mcapitata,Physiology,8 week,HTAC,7,High,Ambient,4 week,4.36765228191304e-4
2372,Mcapitata,Physiology,8 week,HTAC,7,High,Ambient,6 week,3.42770827508274e-4
2372,Mcapitata,Physiology,8 week,HTAC,7,High,Ambient,8 week,3.42593506826449e-4
2376,Mcapitata,Physiology,4 week,HTAC,7,High,Ambient,1 week,7.57779534452874e-4
2376,Mcapitata,Physiology,4 week,HTAC,7,High,Ambient,2 week,4.67773366321956e-4
2376,Mcapitata,Physiology,4 week,HTAC,7,High,Ambient,4 week,1.91786749727459e-4
2382,Pacuta,Physiology,8 week,HTAC,7,High,Ambient,1 week,7.72116865844953e-4
2382,Pacuta,Physiology,8 week,HTAC,7,High,Ambient,2 week,4.87034105772853e-4
2382,Pacuta,Physiology,8 week,HTAC,7,High,Ambient,4 week,3.86065965466827e-4
2382,Pacuta,Physiology,8 week,HTAC,7,High,Ambient,6 week,1.40729951266398e-4
2382,Pacuta,Physiology,8 week,HTAC,7,High,Ambient,8 week,8.31445554850598e-5
2388,Pacuta,Physiology,4 week,HTAC,7,High,Ambient,1 week,4.54361112657349e-4
2388,Pacuta,Physiology,4 week,HTAC,7,High,Ambient,2 week,4.79621146495144e-4
2388,Pacuta,Physiology,4 week,HTAC,7,High,Ambient,4 week,4.33349701820443e-4
2391,Mcapitata,Physiology,6 week,ATAC,8,Ambient,Ambient,1 week,5.91514935311086e-4
2391,Mcapitata,Physiology,6 week,ATAC,8,Ambient,Ambient,2 week,5.17594604611573e-4
2391,Mcapitata,Physiology,6 week,ATAC,8,Ambient,Ambient,4 week,0.00150727164532311
2391,Mcapitata,Physiology,6 week,ATAC,8,Ambient,Ambient,6 week,-2.76049614649544e-4
2393,Pacuta,Physiology,8 week,ATAC,8,Ambient,Ambient,1 week,4.38914479680721e-4
2393,Pacuta,Physiology,8 week,ATAC,8,Ambient,Ambient,2 week,4.93799291712894e-4
2393,Pacuta,Physiology,8 week,ATAC,8,Ambient,Ambient,4 week,8.98122122725623e-4
2393,Pacuta,Physiology,8 week,ATAC,8,Ambient,Ambient,6 week,-2.20198200497488e-4
2393,Pacuta,Physiology,8 week,ATAC,8,Ambient,Ambient,8 week,1.270446640622e-4
2396,Pacuta,Physiology,12 week,ATAC,8,Ambient,Ambient,6 week,-4.27349177714858e-4
2396,Pacuta,Physiology,12 week,ATAC,8,Ambient,Ambient,8 week,5.74603848063146e-5
2396,Pacuta,Physiology,12 week,ATAC,8,Ambient,Ambient,10 week,1.33398685819489e-5
2396,Pacuta,Physiology,12 week,ATAC,8,Ambient,Ambient,12 week,6.67188731652283e-5
2397,Mcapitata,Physiology,8 week,ATHC,11,Ambient,High,1 week,3.60887669129867e-4
2397,Mcapitata,Physiology,8 week,ATHC,11,Ambient,High,2 week,2.63128058635261e-4
2397,Mcapitata,Physiology,8 week,ATHC,11,Ambient,High,8 week,5.59847769546364e-4
2398,Mcapitata,Physiology,12 week,ATAC,8,Ambient,Ambient,1 week,3.93339892470739e-4
2398,Mcapitata,Physiology,12 week,ATAC,8,Ambient,Ambient,2 week,3.30419787267791e-4
2398,Mcapitata,Physiology,12 week,ATAC,8,Ambient,Ambient,4 week,0.00109715093655261
2398,Mcapitata,Physiology,12 week,ATAC,8,Ambient,Ambient,6 week,-1.8356627386425e-4
2398,Mcapitata,Physiology,12 week,ATAC,8,Ambient,Ambient,8 week,4.61738056798897e-4
2398,Mcapitata,Physiology,12 week,ATAC,8,Ambient,Ambient,10 week,4.68086056540221e-4
2398,Mcapitata,Physiology,12 week,ATAC,8,Ambient,Ambient,12 week,5.54648301918942e-4
2401,Pacuta,Physiology,6 week,ATAC,8,Ambient,Ambient,1 week,3.63924615361712e-4
2401,Pacuta,Physiology,6 week,ATAC,8,Ambient,Ambient,2 week,4.41933319013516e-4
2401,Pacuta,Physiology,6 week,ATAC,8,Ambient,Ambient,4 week,0.00122246846237032
2401,Pacuta,Physiology,6 week,ATAC,8,Ambient,Ambient,6 week,-4.12464886147493e-4
2515,Pacuta,Physiology,6 week,HTAC,9,High,Ambient,1 week,1.17115466302401e-4
2515,Pacuta,Physiology,6 week,HTAC,9,High,Ambient,2 week,2.2527982214588e-4
2515,Pacuta,Physiology,6 week,HTAC,9,High,Ambient,4 week,0.0010723084968342
2515,Pacuta,Physiology,6 week,HTAC,9,High,Ambient,6 week,-6.89344736894533e-4
2517,Mcapitata,Physiology,4 week,HTHC,10,High,High,1 week,4.49934931766585e-4
2517,Mcapitata,Physiology,4 week,HTHC,10,High,High,2 week,1.9455627575523e-4
2517,Mcapitata,Physiology,4 week,HTHC,10,High,High,4 week,1.37511513455196e-4
2519,Pacuta,Physiology,8 week,ATHC,11,Ambient,High,1 week,2.78680375001601e-4
2519,Pacuta,Physiology,8 week,ATHC,11,Ambient,High,2 week,5.57341495318656e-4
2519,Pacuta,Physiology,8 week,ATHC,11,Ambient,High,4 week,5.45690195358307e-4
2519,Pacuta,Physiology,8 week,ATHC,11,Ambient,High,6 week,3.85073511285581e-4
2519,Pacuta,Physiology,8 week,ATHC,11,Ambient,High,8 week,2.7674353191391e-4
2525,Mcapitata,Physiology,4 week,HTHC,10,High,High,1 week,2.28778272166152e-4
2525,Mcapitata,Physiology,4 week,HTHC,10,High,High,2 week,3.43181598571786e-4
2525,Mcapitata,Physiology,4 week,HTHC,10,High,High,4 week,3.43921731887956e-4
2530,Pacuta,Physiology,4 week,ATHC,11,Ambient,High,1 week,1.99818433056696e-4
2530,Pacuta,Physiology,4 week,ATHC,11,Ambient,High,2 week,3.53225019396867e-4
2530,Pacuta,Physiology,4 week,ATHC,11,Ambient,High,4 week,4.08453725303241e-4
2532,Mcapitata,Physiology,12 week,ATHC,11,Ambient,High,1 week,4.72616203906531e-4
2532,Mcapitata,Physiology,12 week,ATHC,11,Ambient,High,2 week,5.47787050517123e-4
2532,Mcapitata,Physiology,12 week,ATHC,11,Ambient,High,4 week,4.36290106927892e-4
2532,Mcapitata,Physiology,12 week,ATHC,11,Ambient,High,6 week,4.76901874046521e-4
2532,Mcapitata,Physiology,12 week,ATHC,11,Ambient,High,8 week,6.1474693173029e-4
2532,Mcapitata,Physiology,12 week,ATHC,11,Ambient,High,10 week,5.61621176473661e-4
2532,Mcapitata,Physiology,12 week,ATHC,11,Ambient,High,12 week,7.31976148475584e-4
2540,Pacuta,Physiology,12 week,ATHC,11,Ambient,High,8 week,1.61186351414857e-4
2540,Pacuta,Physiology,12 week,ATHC,11,Ambient,High,10 week,-7.68417926555085e-5
2540,Pacuta,Physiology,12 week,ATHC,11,Ambient,High,12 week,-5.25446478926808e-5
2541,Pacuta,Physiology,6 week,ATHC,11,Ambient,High,1 week,3.87188148218647e-4
2541,Pacuta,Physiology,6 week,ATHC,11,Ambient,High,2 week,5.47884263594974e-4
2541,Pacuta,Physiology,6 week,ATHC,11,Ambient,High,4 week,4.51839734845361e-4
2541,Pacuta,Physiology,6 week,ATHC,11,Ambient,High,6 week,3.27270902016385e-4
2552,Mcapitata,Physiology,6 week,ATHC,11,Ambient,High,1 week,4.78249559961415e-4
2552,Mcapitata,Physiology,6 week,ATHC,11,Ambient,High,2 week,3.71474424880179e-4
2552,Mcapitata,Physiology,6 week,ATHC,11,Ambient,High,4 week,3.78430387834764e-4
2552,Mcapitata,Physiology,6 week,ATHC,11,Ambient,High,6 week,5.39724293402579e-4
2565,Mcapitata,Physiology,12 week,ATHC,12,Ambient,High,1 week,3.63462738022074e-4
2565,Mcapitata,Physiology,12 week,ATHC,12,Ambient,High,2 week,4.0889310972694e-4
2565,Mcapitata,Physiology,12 week,ATHC,12,Ambient,High,4 week,2.99582561277611e-4
2565,Mcapitata,Physiology,12 week,ATHC,12,Ambient,High,6 week,1.16303015024726e-4
2565,Mcapitata,Physiology,12 week,ATHC,12,Ambient,High,8 week,2.75603371883579e-4
2565,Mcapitata,Physiology,12 week,ATHC,12,Ambient,High,10 week,2.5591511416001e-4
2565,Mcapitata,Physiology,12 week,ATHC,12,Ambient,High,12 week,4.16156591767911e-4
2566,Pacuta,Physiology,12 week,ATHC,12,Ambient,High,1 week,4.89317633573341e-4
2566,Pacuta,Physiology,12 week,ATHC,12,Ambient,High,2 week,5.76685883464091e-4
2566,Pacuta,Physiology,12 week,ATHC,12,Ambient,High,4 week,4.65571386328847e-4
2566,Pacuta,Physiology,12 week,ATHC,12,Ambient,High,6 week,3.2753177680532e-4
2566,Pacuta,Physiology,12 week,ATHC,12,Ambient,High,8 week,3.36478339861909e-4
2566,Pacuta,Physiology,12 week,ATHC,12,Ambient,High,10 week,1.92605661449522e-4
2566,Pacuta,Physiology,12 week,ATHC,12,Ambient,High,12 week,-0.0136139947028159
2669,Pacuta,Physiology,16 week,ATHC,11,Ambient,High,1 week,5.30440602825642e-4
2669,Pacuta,Physiology,16 week,ATHC,11,Ambient,High,2 week,5.66110763004774e-4
2669,Pacuta,Physiology,16 week,ATHC,11,Ambient,High,4 week,3.57861819665804e-4
2669,Pacuta,Physiology,16 week,ATHC,11,Ambient,High,6 week,3.34567206312535e-4
2669,Pacuta,Physiology,16 week,ATHC,11,Ambient,High,8 week,3.48421124958284e-4
2669,Pacuta,Physiology,16 week,ATHC,11,Ambient,High,10 week,9.61897907403818e-5
2669,Pacuta,Physiology,16 week,ATHC,11,Ambient,High,12 week,2.01154149056148e-4
2669,Pacuta,Physiology,16 week,ATHC,11,Ambient,High,14 week,2.27318377998049e-4
2669,Pacuta,Physiology,16 week,ATHC,11,Ambient,High,16 week,2.62528445913397e-5
2728,Pacuta,Physiology,2 week,ATHC,12,Ambient,High,1 week,4.34641938572409e-4
2728,Pacuta,Physiology,2 week,ATHC,12,Ambient,High,2 week,5.6066688035178e-4
2729,Pacuta,Physiology,6 week,ATHC,11,Ambient,High,1 week,4.77179167578816e-4
2729,Pacuta,Physiology,6 week,ATHC,11,Ambient,High,2 week,5.41643189162444e-4
2729,Pacuta,Physiology,6 week,ATHC,11,Ambient,High,4 week,4.76214319838784e-4
2729,Pacuta,Physiology,6 week,ATHC,11,Ambient,High,6 week,3.66256084039616e-4
2732,Mcapitata,Physiology,6 week,ATHC,11,Ambient,High,1 week,4.16289970346355e-4
2732,Mcapitata,Physiology,6 week,ATHC,11,Ambient,High,2 week,5.46358831099108e-4
2732,Mcapitata,Physiology,6 week,ATHC,11,Ambient,High,4 week,4.9345510862952e-4
2732,Mcapitata,Physiology,6 week,ATHC,11,Ambient,High,6 week,7.83364857104992e-4
2744,Pacuta,Physiology,16 week,ATHC,11,Ambient,High,1 week,1.85168387351132e-4
2744,Pacuta,Physiology,16 week,ATHC,11,Ambient,High,2 week,2.61865202275279e-4
2744,Pacuta,Physiology,16 week,ATHC,11,Ambient,High,4 week,2.10018859194252e-4
2744,Pacuta,Physiology,16 week,ATHC,11,Ambient,High,6 week,1.67170784481337e-4
2744,Pacuta,Physiology,16 week,ATHC,11,Ambient,High,8 week,2.75933514231414e-4
2744,Pacuta,Physiology,16 week,ATHC,11,Ambient,High,10 week,1.90463639506811e-4
2744,Pacuta,Physiology,16 week,ATHC,11,Ambient,High,12 week,7.93851164964817e-5
2744,Pacuta,Physiology,16 week,ATHC,11,Ambient,High,14 week,-2.06336035694963e-4
2744,Pacuta,Physiology,16 week,ATHC,11,Ambient,High,16 week,5.87258132363091e-4
2749,Mcapitata,Physiology,4 week,ATHC,12,Ambient,High,1 week,3.43597441781462e-4
2749,Mcapitata,Physiology,4 week,ATHC,12,Ambient,High,2 week,5.85040337123331e-4
2749,Mcapitata,Physiology,4 week,ATHC,12,Ambient,High,4 week,5.70090195371192e-4
2751,Pacuta,Physiology,16 week,ATHC,12,Ambient,High,1 week,5.98516349936121e-4
2751,Pacuta,Physiology,16 week,ATHC,12,Ambient,High,2 week,0.00108258708760509
2751,Pacuta,Physiology,16 week,ATHC,12,Ambient,High,4 week,9.91275457285148e-4
2751,Pacuta,Physiology,16 week,ATHC,12,Ambient,High,6 week,0.00212647304048114
2751,Pacuta,Physiology,16 week,ATHC,12,Ambient,High,8 week,6.4999338551735e-4
2751,Pacuta,Physiology,16 week,ATHC,12,Ambient,High,10 week,-5.43175427632276e-4
2751,Pacuta,Physiology,16 week,ATHC,12,Ambient,High,12 week,6.33788066516171e-4
2751,Pacuta,Physiology,16 week,ATHC,12,Ambient,High,14 week,4.52647789152754e-4
2751,Pacuta,Physiology,16 week,ATHC,12,Ambient,High,16 week,3.02038929106489e-5
2852,Mcapitata,Physiology,16 week,ATHC,11,Ambient,High,1 week,1.84684568561691e-4
2852,Mcapitata,Physiology,16 week,ATHC,11,Ambient,High,2 week,1.55802149126853e-4
2852,Mcapitata,Physiology,16 week,ATHC,11,Ambient,High,4 week,2.77049634345484e-4
2852,Mcapitata,Physiology,16 week,ATHC,11,Ambient,High,6 week,2.2160404552466e-4
2852,Mcapitata,Physiology,16 week,ATHC,11,Ambient,High,8 week,3.94234524134045e-4
2852,Mcapitata,Physiology,16 week,ATHC,11,Ambient,High,10 week,2.17664150891325e-4
2852,Mcapitata,Physiology,16 week,ATHC,11,Ambient,High,12 week,3.9577413831527e-4
2852,Mcapitata,Physiology,16 week,ATHC,11,Ambient,High,14 week,4.84773740322513e-4
2852,Mcapitata,Physiology,16 week,ATHC,11,Ambient,High,16 week,4.15542354266014e-4
2853,Pacuta,Physiology,6 week,ATHC,12,Ambient,High,1 week,4.99656990351781e-4
2853,Pacuta,Physiology,6 week,ATHC,12,Ambient,High,2 week,7.41979542740432e-4
2853,Pacuta,Physiology,6 week,ATHC,12,Ambient,High,4 week,7.47208789050409e-4
2853,Pacuta,Physiology,6 week,ATHC,12,Ambient,High,6 week,5.3962127597202e-4
2857,Mcapitata,Physiology,16 week,ATHC,12,Ambient,High,1 week,4.74665768358002e-4
2857,Mcapitata,Physiology,16 week,ATHC,12,Ambient,High,2 week,6.04362623208966e-4
2857,Mcapitata,Physiology,16 week,ATHC,12,Ambient,High,4 week,6.01211407553713e-4
2857,Mcapitata,Physiology,16 week,ATHC,12,Ambient,High,6 week,4.41542161588456e-4
2857,Mcapitata,Physiology,16 week,ATHC,12,Ambient,High,8 week,7.43849955548928e-4
2857,Mcapitata,Physiology,16 week,ATHC,12,Ambient,High,10 week,6.76524241892915e-4
2857,Mcapitata,Physiology,16 week,ATHC,12,Ambient,High,12 week,5.63004804228467e-4
2857,Mcapitata,Physiology,16 week,ATHC,12,Ambient,High,14 week,6.71782779812526e-4
2857,Mcapitata,Physiology,16 week,ATHC,12,Ambient,High,16 week,7.23840783257986e-4
2858,Pacuta,Physiology,4 week,ATHC,12,Ambient,High,4 week,3.47634871572243e-4
2863,Mcapitata,Physiology,4 week,ATHC,12,Ambient,High,1 week,4.66884468310311e-4
2863,Mcapitata,Physiology,4 week,ATHC,12,Ambient,High,2 week,6.02267998190093e-4
2863,Mcapitata,Physiology,4 week,ATHC,12,Ambient,High,4 week,4.5686371354694e-4
2867,Mcapitata,Physiology,6 week,ATHC,12,Ambient,High,1 week,3.65336886465397e-4
2867,Mcapitata,Physiology,6 week,ATHC,12,Ambient,High,2 week,4.99648279285641e-4
2867,Mcapitata,Physiology,6 week,ATHC,12,Ambient,High,4 week,5.20757078578396e-4
2867,Mcapitata,Physiology,6 week,ATHC,12,Ambient,High,6 week,4.72783999965976e-4
2869,Mcapitata,Physiology,8 week,ATHC,12,Ambient,High,1 week,2.70707055175954e-4
2869,Mcapitata,Physiology,8 week,ATHC,12,Ambient,High,2 week,4.29943139232281e-4
2869,Mcapitata,Physiology,8 week,ATHC,12,Ambient,High,4 week,4.33648000249354e-4
2869,Mcapitata,Physiology,8 week,ATHC,12,Ambient,High,6 week,3.24837688144806e-4
2869,Mcapitata,Physiology,8 week,ATHC,12,Ambient,High,8 week,5.87971249400255e-4
2872,Mcapitata,Physiology,16 week,ATHC,12,Ambient,High,1 week,2.97790053993972e-4
2872,Mcapitata,Physiology,16 week,ATHC,12,Ambient,High,2 week,5.10494384950357e-4
2872,Mcapitata,Physiology,16 week,ATHC,12,Ambient,High,4 week,4.02547378138372e-4
2872,Mcapitata,Physiology,16 week,ATHC,12,Ambient,High,6 week,1.53140593711977e-4
2872,Mcapitata,Physiology,16 week,ATHC,12,Ambient,High,8 week,3.14166542641699e-4
2872,Mcapitata,Physiology,16 week,ATHC,12,Ambient,High,10 week,-2.91707592343518e-4
2872,Mcapitata,Physiology,16 week,ATHC,12,Ambient,High,12 week,0.00149508213644505
2872,Mcapitata,Physiology,16 week,ATHC,12,Ambient,High,14 week,7.74864069059099e-4
2872,Mcapitata,Physiology,16 week,ATHC,12,Ambient,High,16 week,0.0011304193023022
2874,Pacuta,Physiology,12 week,ATHC,12,Ambient,High,8 week,1.19118446332998e-4
2874,Pacuta,Physiology,12 week,ATHC,12,Ambient,High,10 week,6.05733575846891e-5
2874,Pacuta,Physiology,12 week,ATHC,12,Ambient,High,12 week,0.00856130961427059
2876,Mcapitata,Physiology,12 week,ATHC,12,Ambient,High,1 week,3.45256686585901e-4
2876,Mcapitata,Physiology,12 week,ATHC,12,Ambient,High,2 week,3.16475322815826e-4
2876,Mcapitata,Physiology,12 week,ATHC,12,Ambient,High,4 week,4.33813623194429e-4
2876,Mcapitata,Physiology,12 week,ATHC,12,Ambient,High,6 week,2.30163444840114e-4
2876,Mcapitata,Physiology,12 week,ATHC,12,Ambient,High,8 week,3.62972080948694e-4
2876,Mcapitata,Physiology,12 week,ATHC,12,Ambient,High,10 week,2.3839931285708e-4
2876,Mcapitata,Physiology,12 week,ATHC,12,Ambient,High,12 week,-4.92910233172677e-5
2882,Pacuta,Physiology,4 week,ATHC,12,Ambient,High,1 week,2.91059661362309e-4
2882,Pacuta,Physiology,4 week,ATHC,12,Ambient,High,2 week,5.43308955881558e-4
2882,Pacuta,Physiology,4 week,ATHC,12,Ambient,High,4 week,4.32891194089619e-4
2978,Mcapitata,Physiology,16 week,ATHC,12,Ambient,High,8 week,5.61218567062287e-4
2978,Mcapitata,Physiology,16 week,ATHC,12,Ambient,High,10 week,4.56793052507536e-4
2978,Mcapitata,Physiology,16 week,ATHC,12,Ambient,High,12 week,5.53322919185655e-4
2978,Mcapitata,Physiology,16 week,ATHC,12,Ambient,High,14 week,0.00100363779119215
2978,Mcapitata,Physiology,16 week,ATHC,12,Ambient,High,16 week,0.0010679963391681
2982,Pacuta,Physiology,16 week,ATHC,12,Ambient,High,6 week,5.86626365151082e-4
2982,Pacuta,Physiology,16 week,ATHC,12,Ambient,High,8 week,4.80715301195735e-4
2982,Pacuta,Physiology,16 week,ATHC,12,Ambient,High,10 week,1.63984665948006e-4
2982,Pacuta,Physiology,16 week,ATHC,12,Ambient,High,12 week,-3.63736804837915e-5
2982,Pacuta,Physiology,16 week,ATHC,12,Ambient,High,14 week,4.46347321756629e-4
2982,Pacuta,Physiology,16 week,ATHC,12,Ambient,High,16 week,2.7330923765113e-4
2989,Mcapitata,Physiology,6 week,ATHC,12,Ambient,High,1 week,4.03102969248609e-4
2989,Mcapitata,Physiology,6 week,ATHC,12,Ambient,High,2 week,5.00862190254686e-4
2989,Mcapitata,Physiology,6 week,ATHC,12,Ambient,High,4 week,4.24883213113879e-4
2989,Mcapitata,Physiology,6 week,ATHC,12,Ambient,High,6 week,3.68199377519788e-4
2996,Pacuta,Physiology,2 week,ATHC,12,Ambient,High,1 week,2.02367921822306e-4
2996,Pacuta,Physiology,2 week,ATHC,12,Ambient,High,2 week,2.13429005253167e-4
2997,Pacuta,Physiology,8 week,ATHC,12,Ambient,High,1 week,1.27001525147669e-4
2997,Pacuta,Physiology,8 week,ATHC,12,Ambient,High,2 week,1.73690398073542e-4
2997,Pacuta,Physiology,8 week,ATHC,12,Ambient,High,4 week,5.55167160490286e-4
2997,Pacuta,Physiology,8 week,ATHC,12,Ambient,High,6 week,1.04583989363128e-4
2997,Pacuta,Physiology,8 week,ATHC,12,Ambient,High,8 week,7.62034128378171e-4
2998,Pacuta,Physiology,8 week,ATHC,12,Ambient,High,8 week,3.00296394121587e-4
3000,Mcapitata,Physiology,2 week,ATHC,12,Ambient,High,1 week,6.83224224370769e-4
3000,Mcapitata,Physiology,2 week,ATHC,12,Ambient,High,2 week,7.50317453928857e-4
3002,Mcapitata,Physiology,16 week,ATHC,12,Ambient,High,1 week,5.59193657646585e-4
3002,Mcapitata,Physiology,16 week,ATHC,12,Ambient,High,2 week,6.2309804159382e-4
3002,Mcapitata,Physiology,16 week,ATHC,12,Ambient,High,4 week,6.48956112952802e-4
3002,Mcapitata,Physiology,16 week,ATHC,12,Ambient,High,6 week,5.55991752564852e-4
3002,Mcapitata,Physiology,16 week,ATHC,12,Ambient,High,8 week,7.89036331529327e-4
3002,Mcapitata,Physiology,16 week,ATHC,12,Ambient,High,10 week,7.87453551986641e-4
3002,Mcapitata,Physiology,16 week,ATHC,12,Ambient,High,12 week,8.69656451929331e-4
3002,Mcapitata,Physiology,16 week,ATHC,12,Ambient,High,14 week,9.38077282220294e-4
3002,Mcapitata,Physiology,16 week,ATHC,12,Ambient,High,16 week,9.38106543897054e-4
