Date,Time,Tank,Position,PAR,Instrument,Measure_Type,Notes
20180917,10:22,6,1,650,Apogee,Six-point,
20180917,10:22,6,2,629,Apogee,Six-point,
20180917,10:22,6,3,587,Apogee,Six-point,
20180917,10:22,6,4,741,Apogee,Six-point,
20180917,10:22,6,5,675,Apogee,Six-point,
20180917,10:22,6,6,594,Apogee,Six-point,
20180917,10:22,11,1,107,Apogee,Six-point,
20180917,10:22,11,2,118,Apogee,Six-point,
20180917,10:22,11,3,116,Apogee,Six-point,
20180917,10:22,11,4,117,Apogee,Six-point,
20180917,10:22,11,5,128,Apogee,Six-point,
20180917,10:22,11,6,153,Apogee,Six-point,
20180917,10:22,9,1,152,Apogee,Six-point,
20180917,10:22,9,2,169,Apogee,Six-point,
20180917,10:22,9,3,193,Apogee,Six-point,
20180917,10:22,9,4,225,Apogee,Six-point,
20180917,10:22,9,5,228,Apogee,Six-point,
20180917,10:22,9,6,290,Apogee,Six-point,
20180917,10:22,2,1,203,Apogee,Six-point,
20180917,10:22,2,2,611,Apogee,Six-point,
20180917,10:22,2,3,730,Apogee,Six-point,
20180917,10:22,2,4,488,Apogee,Six-point,
20180917,10:22,2,5,361,Apogee,Six-point,
20180917,10:22,2,6,290,Apogee,Six-point,
20180917,10:22,7,1,650,Apogee,Six-point,
20180917,10:22,7,2,629,Apogee,Six-point,
20180917,10:22,7,3,587,Apogee,Six-point,
20180917,10:22,7,4,741,Apogee,Six-point,
20180917,10:22,7,5,675,Apogee,Six-point,
20180917,10:22,7,6,594,Apogee,Six-point,
20180917,10:22,1,1,112,Apogee,Six-point,
20180917,10:22,1,2,375,Apogee,Six-point,
20180917,10:22,1,3,280,Apogee,Six-point,
20180917,10:22,1,4,265,Apogee,Six-point,
20180917,10:22,1,5,151,Apogee,Six-point,
20180917,10:22,1,6,146,Apogee,Six-point,
20180917,10:22,8,1,721,Apogee,Six-point,
20180917,10:22,8,2,655,Apogee,Six-point,
20180917,10:22,8,3,590,Apogee,Six-point,
20180917,10:22,8,4,372,Apogee,Six-point,
20180917,10:22,8,5,639,Apogee,Six-point,
20180917,10:22,8,6,638,Apogee,Six-point,
20180917,10:22,3,1,155,Apogee,Six-point,
20180917,10:22,3,2,339,Apogee,Six-point,
20180917,10:22,3,3,576,Apogee,Six-point,
20180917,10:22,3,4,542,Apogee,Six-point,
20180917,10:22,3,5,242,Apogee,Six-point,
20180917,10:22,3,6,113,Apogee,Six-point,
20180917,15:40,12,1,68,LICOR-193,Six-point,Cloudy
20180917,15:40,12,2,65,LICOR-193,Six-point,Cloudy
20180917,15:40,12,3,56,LICOR-193,Six-point,Cloudy
20180917,15:40,12,4,58,LICOR-193,Six-point,Cloudy
20180917,15:40,12,5,59,LICOR-193,Six-point,Cloudy
20180917,15:40,12,6,53,LICOR-193,Six-point,Cloudy
20180917,15:40,11,1,37,LICOR-193,Six-point,Cloudy
20180917,15:40,11,2,44,LICOR-193,Six-point,Cloudy
20180917,15:40,11,3,35,LICOR-193,Six-point,Cloudy
20180917,15:40,11,4,40,LICOR-193,Six-point,Cloudy
20180917,15:40,11,5,45,LICOR-193,Six-point,Cloudy
20180917,15:40,11,6,37,LICOR-193,Six-point,Cloudy
20180917,15:40,10,1,49,LICOR-193,Six-point,Cloudy
20180917,15:40,10,2,46,LICOR-193,Six-point,Cloudy
20180917,15:40,10,3,40,LICOR-193,Six-point,Cloudy
20180917,15:40,10,4,43,LICOR-193,Six-point,Cloudy
20180917,15:40,10,5,48,LICOR-193,Six-point,Cloudy
20180917,15:40,10,6,44,LICOR-193,Six-point,Cloudy
20180917,15:40,9,1,56,LICOR-193,Six-point,Cloudy
20180917,15:40,9,2,51,LICOR-193,Six-point,Cloudy
20180917,15:40,9,3,53,LICOR-193,Six-point,Cloudy
20180917,15:40,9,4,58,LICOR-193,Six-point,Cloudy
20180917,15:40,9,5,65,LICOR-193,Six-point,Cloudy
20180917,15:40,9,6,56,LICOR-193,Six-point,Cloudy
20180917,15:40,8,1,61,LICOR-193,Six-point,Cloudy
20180917,15:40,8,2,58,LICOR-193,Six-point,Cloudy
20180917,15:40,8,3,49,LICOR-193,Six-point,Cloudy
20180917,15:40,8,4,60,LICOR-193,Six-point,Cloudy
20180917,15:40,8,5,57,LICOR-193,Six-point,Cloudy
20180917,15:40,8,6,50,LICOR-193,Six-point,Cloudy
20180917,15:40,7,1,65,LICOR-193,Six-point,Cloudy
20180917,15:40,7,2,63,LICOR-193,Six-point,Cloudy
20180917,15:40,7,3,59,LICOR-193,Six-point,Cloudy
20180917,15:40,7,4,78,LICOR-193,Six-point,Cloudy
20180917,15:40,7,5,70,LICOR-193,Six-point,Cloudy
20180917,15:40,7,6,71,LICOR-193,Six-point,Cloudy
20180917,15:40,1,1,67,LICOR-193,Six-point,Cloudy
20180917,15:40,1,2,75,LICOR-193,Six-point,Cloudy
20180917,15:40,1,3,69,LICOR-193,Six-point,Cloudy
20180917,15:40,1,4,70,LICOR-193,Six-point,Cloudy
20180917,15:40,1,5,82,LICOR-193,Six-point,Cloudy
20180917,15:40,1,6,76,LICOR-193,Six-point,Cloudy
20180917,15:40,2,1,51,LICOR-193,Six-point,Cloudy
20180917,15:40,2,2,52,LICOR-193,Six-point,Cloudy
20180917,15:40,2,3,42,LICOR-193,Six-point,Cloudy
20180917,15:40,2,4,45,LICOR-193,Six-point,Cloudy
20180917,15:40,2,5,53,LICOR-193,Six-point,Cloudy
20180917,15:40,2,6,44,LICOR-193,Six-point,Cloudy
20180917,15:40,3,1,43,LICOR-193,Six-point,Cloudy
20180917,15:40,3,2,43,LICOR-193,Six-point,Cloudy
20180917,15:40,3,3,39,LICOR-193,Six-point,Cloudy
20180917,15:40,3,4,42,LICOR-193,Six-point,Cloudy
20180917,15:40,3,5,47,LICOR-193,Six-point,Cloudy
20180917,15:40,3,6,43,LICOR-193,Six-point,Cloudy
20180917,15:40,4,1,51,LICOR-193,Six-point,Cloudy
20180917,15:40,4,2,52,LICOR-193,Six-point,Cloudy
20180917,15:40,4,3,56,LICOR-193,Six-point,Cloudy
20180917,15:40,4,4,53,LICOR-193,Six-point,Cloudy
20180917,15:40,4,5,61,LICOR-193,Six-point,Cloudy
20180917,15:40,4,6,55,LICOR-193,Six-point,Cloudy
20180917,15:40,5,1,60,LICOR-193,Six-point,Cloudy
20180917,15:40,5,2,73,LICOR-193,Six-point,Cloudy
20180917,15:40,5,3,77,LICOR-193,Six-point,Cloudy
20180917,15:40,5,4,72,LICOR-193,Six-point,Cloudy
20180917,15:40,5,5,88,LICOR-193,Six-point,Cloudy
20180917,15:40,5,6,77,LICOR-193,Six-point,Cloudy
20180917,15:40,6,1,75,LICOR-193,Six-point,Cloudy
20180917,15:40,6,2,70,LICOR-193,Six-point,Cloudy
20180917,15:40,6,3,63,LICOR-193,Six-point,Cloudy
20180917,15:40,6,4,83,LICOR-193,Six-point,Cloudy
20180917,15:40,6,5,78,LICOR-193,Six-point,Cloudy
20180917,15:40,6,6,67,LICOR-193,Six-point,Cloudy
20180919,10:10,12,1,590,Apogee,Six-point,Sunny
20180919,10:10,12,1,425,LICOR-193,Six-point,Sunny
20180919,10:10,12,2,603,Apogee,Six-point,Sunny
20180919,10:10,12,2,478,LICOR-193,Six-point,Sunny
20180919,10:10,12,3,580,Apogee,Six-point,Sunny
20180919,10:10,12,3,458,LICOR-193,Six-point,Sunny
20180919,10:10,12,4,650,Apogee,Six-point,Sunny
20180919,10:10,12,4,475,LICOR-193,Six-point,Sunny
20180919,10:10,12,5,660,Apogee,Six-point,Sunny
20180919,10:10,12,5,467,LICOR-193,Six-point,Sunny
20180919,10:10,12,6,610,Apogee,Six-point,Sunny
20180919,10:10,12,6,475,LICOR-193,Six-point,Sunny
20180919,10:13,6,1,510,Apogee,Six-point,Sunny
20180919,10:13,6,1,419,LICOR-193,Six-point,Sunny
20180919,10:13,6,2,550,Apogee,Six-point,Sunny
20180919,10:13,6,2,489,LICOR-193,Six-point,Sunny
20180919,10:13,6,3,580,Apogee,Six-point,Sunny
20180919,10:13,6,3,527,LICOR-193,Six-point,Sunny
20180919,10:13,6,4,588,Apogee,Six-point,Sunny
20180919,10:13,6,4,457,LICOR-193,Six-point,Sunny
20180919,10:13,6,5,600,Apogee,Six-point,Sunny
20180919,10:13,6,5,505,LICOR-193,Six-point,Sunny
20180919,10:13,6,6,610,Apogee,Six-point,Sunny
20180919,10:13,6,6,552,LICOR-193,Six-point,Sunny
20180919,10:15,11,1,423,LICOR-193,Six-point,Sunny/Clouds
20180919,10:15,11,2,472,LICOR-193,Six-point,Sunny/Clouds
20180919,10:15,11,3,471,LICOR-193,Six-point,Sunny/Clouds
20180919,10:15,11,4,245,LICOR-193,Six-point,Sunny/Clouds
20180919,10:15,11,5,385,LICOR-193,Six-point,Sunny/Clouds
20180919,10:15,11,6,261,LICOR-193,Six-point,Sunny/Clouds
20180919,10:19,5,1,108,LICOR-193,Six-point,Sunny/Clouds
20180919,10:19,5,2,204,LICOR-193,Six-point,Sunny/Clouds
20180919,10:19,5,3,261,LICOR-193,Six-point,Sunny/Clouds
20180919,10:19,5,4,93,LICOR-193,Six-point,Sunny/Clouds
20180919,10:19,5,5,134,LICOR-193,Six-point,Sunny/Clouds
20180919,10:19,5,6,302,LICOR-193,Six-point,Sunny/Clouds
20180919,10:23,10,1,106,LICOR-193,Six-point,Sunny/Clouds
20180919,10:23,10,2,112,LICOR-193,Six-point,Sunny/Clouds
20180919,10:23,10,3,88,LICOR-193,Six-point,Sunny/Clouds
20180919,10:23,10,4,170,LICOR-193,Six-point,Sunny/Clouds
20180919,10:23,10,5,128,LICOR-193,Six-point,Sunny/Clouds
20180919,10:23,10,6,70,LICOR-193,Six-point,Sunny/Clouds
20180919,10:24,9,1,91,LICOR-193,Six-point,Sunny/Clouds
20180919,10:24,9,2,104,LICOR-193,Six-point,Sunny/Clouds
20180919,10:24,9,3,107,LICOR-193,Six-point,Sunny/Clouds
20180919,10:24,9,4,222,LICOR-193,Six-point,Sunny/Clouds
20180919,10:24,9,5,145,LICOR-193,Six-point,Sunny/Clouds
20180919,10:24,9,6,187,LICOR-193,Six-point,Sunny/Clouds
20180919,10:24,4,1,86,LICOR-193,Six-point,Sunny/Clouds
20180919,10:24,4,2,61,LICOR-193,Six-point,Sunny/Clouds
20180919,10:24,4,3,68,LICOR-193,Six-point,Sunny/Clouds
20180919,10:24,4,4,148,LICOR-193,Six-point,Sunny/Clouds
20180919,10:24,4,5,203,LICOR-193,Six-point,Sunny/Clouds
20180919,10:24,4,6,105,LICOR-193,Six-point,Sunny/Clouds
20180919,10:25,3,1,227,LICOR-193,Six-point,Sunny/Clouds
20180919,10:25,3,2,355,LICOR-193,Six-point,Sunny/Clouds
20180919,10:25,3,3,490,LICOR-193,Six-point,Sunny/Clouds
20180919,10:25,3,4,341,LICOR-193,Six-point,Sunny/Clouds
20180919,10:25,3,5,236,LICOR-193,Six-point,Sunny/Clouds
20180919,10:25,3,6,341,LICOR-193,Six-point,Sunny/Clouds
20180919,10:25,2,1,404,LICOR-193,Six-point,Sunny/Clouds
20180919,10:25,2,2,495,LICOR-193,Six-point,Sunny/Clouds
20180919,10:25,2,3,563,LICOR-193,Six-point,Sunny/Clouds
20180919,10:25,2,4,231,LICOR-193,Six-point,Sunny/Clouds
20180919,10:25,2,5,555,LICOR-193,Six-point,Sunny/Clouds
20180919,10:25,2,6,487,LICOR-193,Six-point,Sunny/Clouds
20180919,10:26,1,1,107,LICOR-193,Six-point,Sunny/Clouds
20180919,10:26,1,2,246,LICOR-193,Six-point,Sunny/Clouds
20180919,10:26,1,3,351,LICOR-193,Six-point,Sunny/Clouds
20180919,10:26,1,4,133,LICOR-193,Six-point,Sunny/Clouds
20180919,10:26,1,5,230,LICOR-193,Six-point,Sunny/Clouds
20180919,10:26,1,6,278,LICOR-193,Six-point,Sunny/Clouds
20180919,10:27,7,1,533,LICOR-193,Six-point,Sunny/Clouds
20180919,10:27,7,2,510,LICOR-193,Six-point,Sunny/Clouds
20180919,10:27,7,3,385,LICOR-193,Six-point,Sunny/Clouds
20180919,10:27,7,4,683,LICOR-193,Six-point,Sunny/Clouds
20180919,10:27,7,5,577,LICOR-193,Six-point,Sunny/Clouds
20180919,10:27,7,6,538,LICOR-193,Six-point,Sunny/Clouds
20180919,10:28,8,1,521,LICOR-193,Six-point,Sunny/Clouds
20180919,10:28,8,2,466,LICOR-193,Six-point,Sunny/Clouds
20180919,10:28,8,3,392,LICOR-193,Six-point,Sunny/Clouds
20180919,10:28,8,4,519,LICOR-193,Six-point,Sunny/Clouds
20180919,10:28,8,5,587,LICOR-193,Six-point,Sunny/Clouds
20180919,10:28,8,6,400,LICOR-193,Six-point,Sunny/Clouds
20180919,13:23,7,N/A,577,LICOR-193,One-point,
20180919,13:23,1,N/A,548,LICOR-193,One-point,
20180919,13:23,8,N/A,634,LICOR-193,One-point,
20180919,13:23,2,N/A,632,LICOR-193,One-point,
20180919,13:23,3,N/A,603,LICOR-193,One-point,
20180919,13:23,9,N/A,613,LICOR-193,One-point,
20180919,13:23,4,N/A,568,LICOR-193,One-point,
20180919,13:23,10,N/A,618,LICOR-193,One-point,
20180919,13:23,11,N/A,618,LICOR-193,One-point,
20180919,13:23,5,N/A,534,LICOR-193,One-point,
20180919,13:23,12,N/A,661,LICOR-193,One-point,
20180919,13:23,6,N/A,554,LICOR-193,One-point,
20180924,12:00,4,1,315,LICOR-193,Six-point,Overcast
20180924,12:00,4,2,310,LICOR-193,Six-point,Overcast
20180924,12:00,4,3,335,LICOR-193,Six-point,Overcast
20180924,12:00,4,4,396,LICOR-193,Six-point,Overcast
20180924,12:00,4,5,360,LICOR-193,Six-point,Overcast
20180924,12:00,4,6,447,LICOR-193,Six-point,Overcast
20180924,12:03,10,1,390,LICOR-193,Six-point,Overcast
20180924,12:03,10,2,500,LICOR-193,Six-point,Overcast
20180924,12:03,10,3,470,LICOR-193,Six-point,Overcast
20180924,12:03,10,4,479,LICOR-193,Six-point,Overcast
20180924,12:03,10,5,470,LICOR-193,Six-point,Overcast
20180924,12:03,10,6,480,LICOR-193,Six-point,Overcast
20180924,12:06,5,1,398,LICOR-193,Six-point,Overcast
20180924,12:06,5,2,376,LICOR-193,Six-point,Overcast
20180924,12:06,5,3,380,LICOR-193,Six-point,Overcast
20180924,12:06,5,4,420,LICOR-193,Six-point,Overcast
20180924,12:06,5,5,394,LICOR-193,Six-point,Overcast
20180924,12:06,5,6,313,LICOR-193,Six-point,Overcast
20180924,12:08,11,1,374,LICOR-193,Six-point,Overcast
20180924,12:08,11,2,406,LICOR-193,Six-point,Overcast
20180924,12:08,11,3,388,LICOR-193,Six-point,Overcast
20180924,12:08,11,4,270,LICOR-193,Six-point,Overcast
20180924,12:08,11,5,319,LICOR-193,Six-point,Overcast
20180924,12:08,11,6,250,LICOR-193,Six-point,Overcast
20180924,12:09,6,1,207,LICOR-193,Six-point,Overcast
20180924,12:09,6,2,204,LICOR-193,Six-point,Overcast
20180924,12:09,6,3,201,LICOR-193,Six-point,Overcast
20180924,12:09,6,4,238,LICOR-193,Six-point,Overcast
20180924,12:09,6,5,276,LICOR-193,Six-point,Overcast
20180924,12:09,6,6,260,LICOR-193,Six-point,Overcast
20180924,12:10,12,1,190,LICOR-193,Six-point,Overcast
20180924,12:10,12,2,181,LICOR-193,Six-point,Overcast
20180924,12:10,12,3,175,LICOR-193,Six-point,Overcast
20180924,12:10,12,4,225,LICOR-193,Six-point,Overcast
20180924,12:10,12,5,229,LICOR-193,Six-point,Overcast
20180924,12:10,12,6,223,LICOR-193,Six-point,Overcast
20180924,12:12,9,1,243,LICOR-193,Six-point,Overcast
20180924,12:12,9,2,284,LICOR-193,Six-point,Overcast
20180924,12:12,9,3,288,LICOR-193,Six-point,Overcast
20180924,12:12,9,4,292,LICOR-193,Six-point,Overcast
20180924,12:12,9,5,281,LICOR-193,Six-point,Overcast
20180924,12:12,9,6,302,LICOR-193,Six-point,Overcast
20180924,12:14,8,1,310,LICOR-193,Six-point,Overcast
20180924,12:14,8,2,361,LICOR-193,Six-point,Overcast
20180924,12:14,8,3,300,LICOR-193,Six-point,Overcast
20180924,12:14,8,4,359,LICOR-193,Six-point,Overcast
20180924,12:14,8,5,349,LICOR-193,Six-point,Overcast
20180924,12:14,8,6,379,LICOR-193,Six-point,Overcast
20180924,12:16,7,1,359,LICOR-193,Six-point,Overcast
20180924,12:16,7,2,349,LICOR-193,Six-point,Overcast
20180924,12:16,7,3,396,LICOR-193,Six-point,Overcast
20180924,12:16,7,4,425,LICOR-193,Six-point,Overcast
20180924,12:16,7,5,418,LICOR-193,Six-point,Overcast
20180924,12:16,7,6,413,LICOR-193,Six-point,Overcast
20180924,12:17,1,1,275,LICOR-193,Six-point,Overcast
20180924,12:17,1,2,265,LICOR-193,Six-point,Overcast
20180924,12:17,1,3,346,LICOR-193,Six-point,Overcast
20180924,12:17,1,4,336,LICOR-193,Six-point,Overcast
20180924,12:17,1,5,333,LICOR-193,Six-point,Overcast
20180924,12:17,1,6,343,LICOR-193,Six-point,Overcast
20180924,12:19,2,1,351,LICOR-193,Six-point,Overcast
20180924,12:19,2,2,368,LICOR-193,Six-point,Overcast
20180924,12:19,2,3,358,LICOR-193,Six-point,Overcast
20180924,12:19,2,4,372,LICOR-193,Six-point,Overcast
20180924,12:19,2,5,342,LICOR-193,Six-point,Overcast
20180924,12:19,2,6,457,LICOR-193,Six-point,Overcast
20180924,12:21,3,1,365,LICOR-193,Six-point,Overcast
20180924,12:21,3,2,268,LICOR-193,Six-point,Overcast
20180924,12:21,3,3,255,LICOR-193,Six-point,Overcast
20180924,12:21,3,4,277,LICOR-193,Six-point,Overcast
20180924,12:21,3,5,416,LICOR-193,Six-point,Overcast
20180924,12:21,3,6,389,LICOR-193,Six-point,Overcast
20180925,9:12,1,1,61.2,LICOR-193,Six-point,Sunny/Clouds
20180925,9:12,1,2,76.9,LICOR-193,Six-point,Sunny/Clouds
20180925,9:12,1,3,73.6,LICOR-193,Six-point,Sunny/Clouds
20180925,9:12,1,4,77.5,LICOR-193,Six-point,Sunny/Clouds
20180925,9:12,1,5,90.7,LICOR-193,Six-point,Sunny/Clouds
20180925,9:12,1,6,89.7,LICOR-193,Six-point,Sunny/Clouds
20180925,9:13,2,1,58.7,LICOR-193,Six-point,Sunny/Clouds
20180925,9:13,2,2,68.3,LICOR-193,Six-point,Sunny/Clouds
20180925,9:13,2,3,67,LICOR-193,Six-point,Sunny/Clouds
20180925,9:13,2,4,67.2,LICOR-193,Six-point,Sunny/Clouds
20180925,9:13,2,5,74.4,LICOR-193,Six-point,Sunny/Clouds
20180925,9:13,2,6,72.7,LICOR-193,Six-point,Sunny/Clouds
20180925,9:15,3,1,76.2,LICOR-193,Six-point,Sunny/Clouds
20180925,9:15,3,2,86.1,LICOR-193,Six-point,Sunny/Clouds
20180925,9:15,3,3,81.6,LICOR-193,Six-point,Sunny/Clouds
20180925,9:15,3,4,78.2,LICOR-193,Six-point,Sunny/Clouds
20180925,9:15,3,5,81,LICOR-193,Six-point,Sunny/Clouds
20180925,9:15,3,6,78.7,LICOR-193,Six-point,Sunny/Clouds
20180925,917,4,1,80.4,LICOR-193,Six-point,Sunny/Clouds
20180925,917,4,2,85.4,LICOR-193,Six-point,Sunny/Clouds
20180925,917,4,3,87.5,LICOR-193,Six-point,Sunny/Clouds
20180925,917,4,4,82.7,LICOR-193,Six-point,Sunny/Clouds
20180925,917,4,5,88.9,LICOR-193,Six-point,Sunny/Clouds
20180925,917,4,6,89.6,LICOR-193,Six-point,Sunny/Clouds
20180925,9:19,5,1,95.8,LICOR-193,Six-point,Sunny/Clouds
20180925,9:19,5,2,96.1,LICOR-193,Six-point,Sunny/Clouds
20180925,9:19,5,3,99.9,LICOR-193,Six-point,Sunny/Clouds
20180925,9:19,5,4,94.3,LICOR-193,Six-point,Sunny/Clouds
20180925,9:19,5,5,104.4,LICOR-193,Six-point,Sunny/Clouds
20180925,9:19,5,6,94.5,LICOR-193,Six-point,Sunny/Clouds
20180925,9:21,6,1,212.5,LICOR-193,Six-point,Sunny/Clouds
20180925,9:21,6,2,188.7,LICOR-193,Six-point,Sunny/Clouds
20180925,9:21,6,3,342.1,LICOR-193,Six-point,Sunny/Clouds
20180925,9:21,6,4,148,LICOR-193,Six-point,Sunny/Clouds
20180925,9:21,6,5,152.3,LICOR-193,Six-point,Sunny/Clouds
20180925,9:21,6,6,158,LICOR-193,Six-point,Sunny/Clouds
20180925,9:10,7,1,99.8,LICOR-193,Six-point,Sunny/Clouds
20180925,9:10,7,2,90.4,LICOR-193,Six-point,Sunny/Clouds
20180925,9:10,7,3,87.7,LICOR-193,Six-point,Sunny/Clouds
20180925,9:10,7,4,103.1,LICOR-193,Six-point,Sunny/Clouds
20180925,9:10,7,5,110.2,LICOR-193,Six-point,Sunny/Clouds
20180925,9:10,7,6,107,LICOR-193,Six-point,Sunny/Clouds
20180925,9:07,8,1,86.5,LICOR-193,Six-point,Sunny/Clouds
20180925,9:07,8,2,93.3,LICOR-193,Six-point,Sunny/Clouds
20180925,9:07,8,3,83.9,LICOR-193,Six-point,Sunny/Clouds
20180925,9:07,8,4,92,LICOR-193,Six-point,Sunny/Clouds
20180925,9:07,8,5,91.1,LICOR-193,Six-point,Sunny/Clouds
20180925,9:07,8,6,101.8,LICOR-193,Six-point,Sunny/Clouds
20180925,9:02,9,1,83.5,LICOR-193,Six-point,Sunny/Clouds
20180925,9:02,9,2,102.4,LICOR-193,Six-point,Sunny/Clouds
20180925,9:02,9,3,104.3,LICOR-193,Six-point,Sunny/Clouds
20180925,9:02,9,4,97.8,LICOR-193,Six-point,Sunny/Clouds
20180925,9:02,9,5,102.5,LICOR-193,Six-point,Sunny/Clouds
20180925,9:02,9,6,105.2,LICOR-193,Six-point,Sunny/Clouds
20180925,8:57,10,1,104.9,LICOR-193,Six-point,Sunny/Clouds
20180925,8:57,10,2,110.3,LICOR-193,Six-point,Sunny/Clouds
20180925,8:57,10,3,101.1,LICOR-193,Six-point,Sunny/Clouds
20180925,8:57,10,4,101.9,LICOR-193,Six-point,Sunny/Clouds
20180925,8:57,10,5,114,LICOR-193,Six-point,Sunny/Clouds
20180925,8:57,10,6,111.4,LICOR-193,Six-point,Sunny/Clouds
20180925,8:54,11,1,116.5,LICOR-193,Six-point,Sunny/Clouds
20180925,8:54,11,2,133.8,LICOR-193,Six-point,Sunny/Clouds
20180925,8:54,11,3,122.7,LICOR-193,Six-point,Sunny/Clouds
20180925,8:54,11,4,116.5,LICOR-193,Six-point,Sunny/Clouds
20180925,8:54,11,5,138.8,LICOR-193,Six-point,Sunny/Clouds
20180925,8:54,11,6,183.7,LICOR-193,Six-point,Sunny/Clouds
20180925,8:51,12,1,285.3,LICOR-193,Six-point,Sunny/Clouds
20180925,8:51,12,2,306.5,LICOR-193,Six-point,Sunny/Clouds
20180925,8:51,12,3,396.6,LICOR-193,Six-point,Sunny/Clouds
20180925,8:51,12,4,286,LICOR-193,Six-point,Sunny/Clouds
20180925,8:51,12,5,258.3,LICOR-193,Six-point,Sunny/Clouds
20180925,8:51,12,6,393.5,LICOR-193,Six-point,Sunny/Clouds
20180925,12:06,1,1,435,LICOR-193,One-point,Sunny/Clouds
20180925,12:05,2,1,531,LICOR-193,One-point,Sunny/Clouds
20180925,12:04,3,1,538,LICOR-193,One-point,Sunny/Clouds
20180925,12:03,4,1,497,LICOR-193,One-point,Sunny/Clouds
20180925,12:03,5,1,532,LICOR-193,One-point,Sunny/Clouds
20180925,12:06,5,2,395,LICOR-193,One-point,Sunny/Clouds
20180925,12:02,6,1,398,LICOR-193,One-point,Sunny/Clouds
20180925,12:06,6,2,390,LICOR-193,One-point,Sunny/Clouds
20180925,12:05,7,1,517,LICOR-193,One-point,Sunny/Clouds
20180925,12:05,8,1,501,LICOR-193,One-point,Sunny/Clouds
20180925,12:04,9,1,507,LICOR-193,One-point,Sunny/Clouds
20180925,12:04,10,1,580,LICOR-193,One-point,Sunny/Clouds
20180925,12:01,11,1,134,LICOR-193,One-point,Cloudy
20180925,12:03,11,2,505,LICOR-193,One-point,Sunny 
20180925,12:01,12,1,135,LICOR-193,One-point,Cloudy
20180925,12:03,12,1,410,LICOR-193,One-point,Sunny 
20180925,14:08,1,1,329,LICOR-193,One-point,Sunny/Clouds
20180925,14:07,2,1,306,LICOR-193,One-point,Sunny/Clouds
20180925,14:07,3,1,241,LICOR-193,One-point,Sunny/Clouds
20180925,14:06,4,1,311,LICOR-193,One-point,Sunny/Clouds
20180925,14:05,5,1,276,LICOR-193,One-point,Sunny/Clouds
20180925,14:04,6,2,230,LICOR-193,One-point,Sunny/Clouds
20180925,14:08,7,1,350,LICOR-193,One-point,Sunny/Clouds
20180925,14:07,8,1,204,LICOR-193,One-point,Sunny/Clouds
20180925,14:06,9,1,202,LICOR-193,One-point,Sunny/Clouds
20180925,14:06,10,1,403,LICOR-193,One-point,Sunny/Clouds
20180925,14:05,11,1,353,LICOR-193,One-point,Sunny/Clouds
20180925,14:05,12,1,350,LICOR-193,One-point,Sunny/Clouds
20180926,9:09,1,1,30,LICOR-193,One-point,Sunny/Clouds
20180926,9:09,2,1,30,LICOR-193,One-point,Sunny/Clouds
20180926,9:10,3,1,33,LICOR-193,One-point,Sunny/Clouds
20180926,9:11,4,1,45,LICOR-193,One-point,Sunny/Clouds
20180926,9:11,5,1,52,LICOR-193,One-point,Sunny/Clouds
20180926,9:03,6,2,110,LICOR-193,One-point,Sunny/Clouds
20180926,9:08,7,1,50,LICOR-193,One-point,Sunny/Clouds
20180926,9:07,8,1,32,LICOR-193,One-point,Sunny/Clouds
20180926,9:06,9,1,38,LICOR-193,One-point,Sunny/Clouds
20180926,9:05,10,1,53,LICOR-193,One-point,Sunny/Clouds
20180926,9:04,11,1,81,LICOR-193,One-point,Sunny/Clouds
20180926,9:01,12,1,285,LICOR-193,One-point,Sunny/Clouds
20180927,8:57,1,1,50,LICOR-193,One-point,Sunny/Clouds
20180927,8:57,2,1,48,LICOR-193,One-point,Sunny/Clouds
20180927,8:55,3,1,43,LICOR-193,One-point,Sunny/Clouds
20180927,8:54,4,1,38,LICOR-193,One-point,Sunny/Clouds
20180927,8:53,5,1,46,LICOR-193,One-point,Sunny/Clouds
20180927,8:53,6,2,90,LICOR-193,One-point,Sunny/Clouds
20180927,8:47,7,1,32,LICOR-193,One-point,Sunny/Clouds
20180927,8:48,8,1,38,LICOR-193,One-point,Sunny/Clouds
20180927,8:50,9,1,38,LICOR-193,One-point,Sunny/Clouds
20180927,8:50,10,1,43,LICOR-193,One-point,Sunny/Clouds
20180927,NA,11,1,NA,LICOR-193,One-point,Sunny/Clouds
20180927,8:52,12,1,358,LICOR-193,One-point,Sunny/Clouds
20180929,12:00,1,1,169,LICOR-193,One-point,Sunny
20180929,11:59,2,1,534,LICOR-193,One-point,Sunny
20180929,11:58,3,1,716,LICOR-193,One-point,Sunny
20180929,11:52,4,1,187,LICOR-193,One-point,Cloudy
20180929,11:54,5,1,232,LICOR-193,One-point,Cloudy
20180929,11:57,6,2,175,LICOR-193,One-point,Cloudy
20180929,12:01,7,1,241,LICOR-193,One-point,Sunny
20180929,12:00,8,1,235,LICOR-193,One-point,Sunny
20180929,11:58,9,1,588,LICOR-193,One-point,Sunny
20180929,11:53,10,1,188,LICOR-193,One-point,Cloudy
20180929,11:55,11,1,260,LICOR-193,One-point,Cloudy
20180929,11:56,12,1,253,LICOR-193,One-point,Cloudy
20181002,13:31,1,1,466,LICOR-193,One-point,Sunny
20181002,13:35,2,1,403,LICOR-193,One-point,Sunny
20181002,13:33,3,1,454,LICOR-193,One-point,Sunny
20181002,13:37,4,1,385,LICOR-193,One-point,Sunny
20181002,13:39,5,1,370,LICOR-193,One-point,Sunny
20181002,13:39,6,2,415,LICOR-193,One-point,Sunny
20181002,13:32,7,1,498,LICOR-193,One-point,Sunny
20181002,13:34,8,1,510,LICOR-193,One-point,Sunny
20181002,13:36,9,1,530,LICOR-193,One-point,Sunny
20181002,13:36,10,1,480,LICOR-193,One-point,Sunny
20181002,13:38,11,1,350,LICOR-193,One-point,Sunny
20181002,13:40,12,1,548,LICOR-193,One-point,Sunny
20181003,11:08,1,1,227,LICOR-193,One-point,Cloudy
20181003,11:07,2,1,65,LICOR-193,One-point,Shaded by palm tree
20181003,11:06,3,1,76,LICOR-193,One-point,Shaded by palm tree
20181003,11:05,4,1,376,LICOR-193,One-point,Sunny
20181003,11:04,5,1,465,LICOR-193,One-point,Sunny
20181003,11:02,6,2,352,LICOR-193,One-point,Sunny
20181003,11:08,7,1,450,LICOR-193,One-point,Sunny
20181003,11:07,8,1,384,LICOR-193,One-point,Sunny
20181003,11:06,9,1,392,LICOR-193,One-point,Sunny
20181003,11:04,10,1,364,LICOR-193,One-point,Sunny
20181003,11:03,11,1,423,LICOR-193,One-point,Sunny
20181003,11:01,12,1,326,LICOR-193,One-point,Sunny
20181005,9:47,1,1,31,LICOR-193,One-point,Sunny
20181005,9:47,2,1,34,LICOR-193,One-point,Sunny
20181005,9:04,3,1,28,LICOR-193,One-point,Sunny
20181005,9:46,4,1,30,LICOR-193,One-point,Sunny
20181005,9:44,5,1,35,LICOR-193,One-point,Sunny
20181005,9:43,6,2,50,LICOR-193,One-point,Sunny
20181005,9:48,7,1,55,LICOR-193,One-point,Sunny
20181005,9:47,8,1,48,LICOR-193,One-point,Sunny
20181005,9:46,9,1,32,LICOR-193,One-point,Sunny
20181005,9:45,10,1,41,LICOR-193,One-point,Sunny
20181005,9:45,11,1,38,LICOR-193,One-point,Sunny
20181005,9:44,12,1,44,LICOR-193,One-point,Sunny
20181006,11:23,1,1,127,LICOR-193,One-point,Sunny
20181006,11:21,2,1,140,LICOR-193,One-point,Sunny
20181006,11:22,3,1,190,LICOR-193,One-point,Sunny
20181006,11:27,4,1,104,LICOR-193,One-point,Sunny
20181006,11:28,5,1,91,LICOR-193,One-point,Sunny
20181006,11:32,6,2,115,LICOR-193,One-point,Sunny
20181006,11:25,7,1,147,LICOR-193,One-point,Sunny
20181006,11:20,8,1,140,LICOR-193,One-point,Sunny
20181006,11:26,9,1,129,LICOR-193,One-point,Sunny
20181006,11:30,10,1,90,LICOR-193,One-point,Sunny
20181006,11:31,11,1,104,LICOR-193,One-point,Sunny
20181006,11:33,12,1,140,LICOR-193,One-point,Sunny
20181008,16:42,1,1,45,LICOR-193,One-point,Cloudy
20181008,16:42,2,1,24,LICOR-193,One-point,Cloudy
20181008,16:41,3,1,22,LICOR-193,One-point,Cloudy
20181008,16:40,4,1,29,LICOR-193,One-point,Cloudy
20181008,16:39,5,1,30,LICOR-193,One-point,Cloudy
20181008,16:39,6,2,35,LICOR-193,One-point,Cloudy
20181008,16:43,7,1,32,LICOR-193,One-point,Cloudy
20181008,16:41,8,1,23,LICOR-193,One-point,Cloudy
20181008,16:41,9,1,24,LICOR-193,One-point,Cloudy
20181008,16:40,10,1,32,LICOR-193,One-point,Cloudy
20181008,16:39,11,1,32,LICOR-193,One-point,Cloudy
20181008,16:38,12,1,39,LICOR-193,One-point,Cloudy
20181009,14:45,1,1,57,LICOR-193,One-point,Shaded  
20181009,14:44,2,1,52,LICOR-193,One-point,Shaded  
20181009,14:46,3,1,68,LICOR-193,One-point,Shaded  
20181009,14:46,4,1,360,LICOR-193,One-point,Sunny
20181009,14:47,5,1,250,LICOR-193,One-point,Partly sunny
20181009,14:49,6,2,370,LICOR-193,One-point,Sunny
20181009,14:44,7,1,76,LICOR-193,One-point,Shaded  
20181009,14:45,8,1,53,LICOR-193,One-point,Shaded  
20181009,14:45,9,1,58,LICOR-193,One-point,Shaded  
20181009,14:47,10,1,157,LICOR-193,One-point,Partly sunny
20181009,14:48,11,1,107,LICOR-193,One-point,Shaded  
20181009,14:48,12,1,157,LICOR-193,One-point,Shaded  
20181010,,1,1,110,LICOR-193,One-point,Sunny
20181010,,2,1,104,LICOR-193,One-point,Sunny
20181010,,3,1,110,LICOR-193,One-point,Sunny
20181010,,4,1,144,LICOR-193,One-point,Sunny
20181010,,5,1,143,LICOR-193,One-point,Sunny
20181010,,6,2,160,LICOR-193,One-point,Sunny
20181010,,7,1,140,LICOR-193,One-point,Sunny
20181010,,8,1,122,LICOR-193,One-point,Sunny
20181010,,9,1,139,LICOR-193,One-point,Sunny
20181010,,10,1,137,LICOR-193,One-point,Sunny
20181010,,11,1,176,LICOR-193,One-point,Sunny
20181010,,12,1,177,LICOR-193,One-point,Sunny
20181013,15:22,1,1,96,LICOR-193,One-point,NA
20181013,15:21,2,1,81,LICOR-193,One-point,NA
20181013,15:17,3,1,74,LICOR-193,One-point,NA
20181013,15:16,4,1,78,LICOR-193,One-point,NA
20181013,15:15,5,1,81,LICOR-193,One-point,NA
20181013,15:06,6,2,101,LICOR-193,One-point,NA
20181013,15:20,7,1,114,LICOR-193,One-point,NA
20181013,15:19,8,1,89,LICOR-193,One-point,NA
20181013,15:14,9,1,86,LICOR-193,One-point,NA
20181013,15:14,10,1,100,LICOR-193,One-point,NA
20181013,15:13,11,1,103,LICOR-193,One-point,NA
20181013,15:12,12,1,114,LICOR-193,One-point,NA
20181020,12:39,1,1,166,LICOR-193,One-point,NA
20181020,12:38,2,1,389,LICOR-193,One-point,NA
20181020,12:38,3,1,343,LICOR-193,One-point,NA
20181020,12:31,4,1,94,LICOR-193,One-point,NA
20181020,12:41,5,1,89,LICOR-193,One-point,NA
20181020,12:41,6,1,92,LICOR-193,One-point,NA
20181020,12:37,7,1,391,LICOR-193,One-point,NA
20181020,12:35,8,1,213,LICOR-193,One-point,NA
20181020,12:34,9,1,153,LICOR-193,One-point,NA
20181020,12:33,10,1,165,LICOR-193,One-point,NA
20181020,12:32,11,1,146,LICOR-193,One-point,NA
20181020,12:43,12,1,92,LICOR-193,One-point,NA
20181023,11:50,1,1,175,LICOR-193,One-point,NA
20181023,11:51,2,1,111,LICOR-193,One-point,NA
20181023,11:51,3,1,112,LICOR-193,One-point,NA
20181023,11:52,4,1,135,LICOR-193,One-point,NA
20181023,11:53,5,1,147,LICOR-193,One-point,NA
20181023,11:54,6,1,127,LICOR-193,One-point,NA
20181023,11:54,7,1,141,LICOR-193,One-point,NA
20181023,11:55,8,1,129,LICOR-193,One-point,NA
20181023,11:56,9,1,154,LICOR-193,One-point,NA
20181023,11:57,10,1,112,LICOR-193,One-point,NA
20181023,11:57,11,1,115,LICOR-193,One-point,NA
20181023,11:58,12,1,121,LICOR-193,One-point,NA
20181024,12:52,1,1,116,LICOR-193,One-point,NA
20181024,12:51,2,1,110,LICOR-193,One-point,NA
20181024,12:50,3,1,127,LICOR-193,One-point,NA
20181024,12:49,4,1,181,LICOR-193,One-point,NA
20181024,12:49,5,1,151,LICOR-193,One-point,NA
20181024,12:48,6,1,141,LICOR-193,One-point,NA
20181024,12:48,7,1,464,LICOR-193,One-point,NA
20181024,12:47,8,1,273,LICOR-193,One-point,NA
20181024,12:46,9,1,158,LICOR-193,One-point,NA
20181024,12:54,10,1,137,LICOR-193,One-point,NA
20181024,12:53,11,1,132,LICOR-193,One-point,NA
20181024,12:43,12,1,151,LICOR-193,One-point,NA
20181025,13:05,1,1,101,LICOR-193,One-point,NA
20181025,13:05,2,1,99,LICOR-193,One-point,NA
20181025,13:06,3,1,113,LICOR-193,One-point,NA
20181025,13:07,4,1,112,LICOR-193,One-point,NA
20181025,13:07,5,1,96,LICOR-193,One-point,NA
20181025,13:08,6,1,91,LICOR-193,One-point,NA
20181025,13:13,7,1,87,LICOR-193,One-point,NA
20181025,13:12,8,1,108,LICOR-193,One-point,NA
20181025,13:11,9,1,81,LICOR-193,One-point,NA
20181025,13:10,10,1,98,LICOR-193,One-point,NA
20181025,13:10,11,1,110,LICOR-193,One-point,NA
20181025,13:09,12,1,100,LICOR-193,One-point,NA
20181026,15:09,1,1,95,LICOR-193,One-point,NA
20181026,15:11,2,1,62,LICOR-193,One-point,NA
20181026,15:12,3,1,76,LICOR-193,One-point,NA
20181026,15:12,4,1,74,LICOR-193,One-point,NA
20181026,15:13,5,1,69,LICOR-193,One-point,NA
20181026,15:13,6,1,63,LICOR-193,One-point,NA
20181026,15:00,7,1,73,LICOR-193,One-point,NA
20181026,15:14,8,1,57,LICOR-193,One-point,NA
20181026,15:14,9,1,53,LICOR-193,One-point,NA
20181026,15:15,10,1,56,LICOR-193,One-point,NA
20181026,15:16,11,1,52,LICOR-193,One-point,NA
20181026,15:17,12,1,60,LICOR-193,One-point,NA
20181027,12:36,1,1,442,LICOR-193,One-point,Sunny
20181027,12:36,2,1,428,LICOR-193,One-point,Sunny
20181027,12:37,3,1,380,LICOR-193,One-point,Sunny
20181027,12:37,4,1,148,LICOR-193,One-point,Sunny
20181027,12:38,5,1,78,LICOR-193,One-point,Sunny
20181027,12:38,6,1,131,LICOR-193,One-point,Sunny
20181027,12:39,7,1,429,LICOR-193,One-point,Sunny
20181027,12:39,8,1,377,LICOR-193,One-point,Sunny
20181027,12:41,9,1,237,LICOR-193,One-point,Sunny
20181027,12:41,10,1,111,LICOR-193,One-point,Sunny
20181027,12:42,11,1,173,LICOR-193,One-point,Sunny
20181027,12:42,12,1,138,LICOR-193,One-point,Sunny
20181028,12:35,1,1,375,LICOR-193,One-point,Slightly cloudy
20181028,12:35,2,1,352,LICOR-194,One-point,Slightly cloudy
20181028,12:27,3,1,371,LICOR-195,One-point,Slightly cloudy
20181028,12:27,4,1,188,LICOR-196,One-point,Slightly cloudy
20181028,12:29,5,1,82,LICOR-197,One-point,Slightly cloudy
20181028,12:29,6,1,252,LICOR-198,One-point,Slightly cloudy
20181028,12:30,7,1,404,LICOR-199,One-point,Slightly cloudy
20181028,12:30,8,1,329,LICOR-200,One-point,Slightly cloudy
20181028,12:32,9,1,326,LICOR-201,One-point,Slightly cloudy
20181028,12:32,10,1,170,LICOR-202,One-point,Slightly cloudy
20181028,12:33,11,1,235,LICOR-203,One-point,Slightly cloudy
20181028,12:33,12,1,195,LICOR-204,One-point,Slightly cloudy
20181029,12:41,1,1,96,LICOR-193,One-point,NA
20181029,12:40,2,1,71,LICOR-193,One-point,NA
20181029,12:37,3,1,65,LICOR-193,One-point,NA
20181029,12:35,4,1,75,LICOR-193,One-point,NA
20181029,12:34,5,1,95,LICOR-193,One-point,NA
20181029,12:33,6,1,102,LICOR-193,One-point,NA
20181029,12:40,7,1,88,LICOR-193,One-point,NA
20181029,12:39,8,1,65,LICOR-193,One-point,NA
20181029,12:38,9,1,75,LICOR-193,One-point,NA
20181029,12:36,10,1,81,LICOR-193,One-point,NA
20181029,12:32,11,1,140,LICOR-193,One-point,NA
20181029,12:32,12,1,155,LICOR-193,One-point,NA
20181031,15:07,1,1,22,LICOR-193,One-point,Shaded
20181031,15:07,2,1,23,LICOR-193,One-point,Shaded
20181031,15:08,3,1,38,LICOR-193,One-point,Shaded
20181031,15:08,4,1,33,LICOR-193,One-point,Shaded
20181031,15:09,5,1,56,LICOR-193,One-point,Shaded
20181031,15:09,6,1,28,LICOR-193,One-point,Shaded
20181031,15:13,7,1,26,LICOR-193,One-point,Shaded
20181031,15:13,8,1,19,LICOR-193,One-point,Shaded
20181031,15:11,9,1,17,LICOR-193,One-point,Shaded
20181031,15:11,10,1,23,LICOR-193,One-point,Shaded
20181031,15:12,11,1,30,LICOR-193,One-point,Shaded
20181031,15:12,12,1,48,LICOR-193,One-point,Shaded
20181110,15:35,1,1,42,LICOR-193,One-point,Shaded
20181110,15:35,2,1,38,LICOR-193,One-point,Shaded
20181110,15:36,3,1,41,LICOR-193,One-point,Shaded
20181110,15:36,4,1,40,LICOR-193,One-point,Shaded
20181110,15:37,5,1,44,LICOR-193,One-point,Shaded
20181110,15:37,6,1,45,LICOR-193,One-point,Shaded
20181110,15:40,7,1,63,LICOR-193,One-point,Shaded
20181110,15:40,8,1,50,LICOR-193,One-point,Shaded
20181110,15:39,9,1,50,LICOR-193,One-point,Shaded
20181110,15:39,10,1,54,LICOR-193,One-point,Shaded
20181110,15:38,11,1,51,LICOR-193,One-point,Shaded
20181110,15:38,12,1,52,LICOR-193,One-point,Shaded
20181113,12:07,1,1,324,LICOR-193,One-point,Sunny
20181113,12:08,2,1,245,LICOR-193,One-point,Sunny
20181113,12:10,3,1,302,LICOR-193,One-point,Sunny
20181113,12:11,4,1,266,LICOR-193,One-point,Sunny
20181113,12:13,5,1,324,LICOR-193,One-point,Partly shaded
20181113,12:14,6,1,182,LICOR-193,One-point,Partly shaded
20181113,12:09,7,1,423,LICOR-193,One-point,Sunny
20181113,12:09,8,1,225,LICOR-193,One-point,Sunny
20181113,12:11,9,1,325,LICOR-193,One-point,Sunny
20181113,12:12,10,1,69,LICOR-193,One-point,Shaded by palm tree
20181113,12:15,11,1,197,LICOR-193,One-point,Shaded by palm tree
20181113,12:15,12,1,203,LICOR-193,One-point,Shaded by palm tree
20181114,14:36,1,1,290,LICOR-193,One-point,Sunny
20181114,14:36,2,1,263,LICOR-193,One-point,Sunny
20181114,14:37,3,1,295,LICOR-193,One-point,Sunny
20181114,14:38,4,1,257,LICOR-193,One-point,Sunny
20181114,14:38,5,1,275,LICOR-193,One-point,Sunny
20181114,14:39,6,1,242,LICOR-193,One-point,Sunny
20181114,14:40,7,1,31,LICOR-193,One-point,Shaded
20181114,14:40,8,1,36,LICOR-193,One-point,Shaded
20181114,14:41,9,1,34,LICOR-193,One-point,Shaded
20181114,14:42,10,1,51,LICOR-193,One-point,Shaded
20181114,14:43,11,1,61,LICOR-193,One-point,Shaded
20181114,14:44,12,1,252,LICOR-193,One-point,Sunny
20181117,11:47,1,1,87,LICOR-193,One-point,Cloudy
20181117,11:47,2,1,125,LICOR-193,One-point,Cloudy
20181117,11:48,3,1,136,LICOR-193,One-point,Cloudy
20181117,11:49,4,1,150,LICOR-193,One-point,Cloudy
20181117,11:49,5,1,131,LICOR-193,One-point,Cloudy
20181117,11:50,6,1,128,LICOR-193,One-point,Cloudy
20181117,11:53,7,1,150,LICOR-193,One-point,Cloudy
20181117,11:54,8,1,144,LICOR-193,One-point,Cloudy
20181117,11:55,9,1,146,LICOR-193,One-point,Cloudy
20181117,11:55,10,1,126,LICOR-193,One-point,Cloudy
20181117,11:56,11,1,126,LICOR-193,One-point,Cloudy
20181117,11:58,12,1,106,LICOR-193,One-point,Cloudy
20181125,15:30,1,1,24.92,LICOR-193,One-point,Cloudy
20181125,15:31,2,1,26.93,LICOR-193,One-point,Cloudy
20181125,15:32,3,1,26.32,LICOR-193,One-point,Cloudy
20181125,15:33,4,1,31.04,LICOR-193,One-point,Cloudy
20181125,15:35,5,1,36.4,LICOR-193,One-point,Cloudy
20181125,15:36,6,1,41.53,LICOR-193,One-point,Cloudy
20181125,15:29,7,1,29.44,LICOR-193,One-point,Cloudy
20181125,15:31,8,1,24.89,LICOR-193,One-point,Cloudy
20181125,15:32,9,1,23.93,LICOR-193,One-point,Cloudy
20181125,15:33,10,1,30.02,LICOR-193,One-point,Cloudy
20181125,15:34,11,1,29.71,LICOR-193,One-point,Cloudy
20181125,15:36,12,1,37.85,LICOR-193,One-point,Cloudy
20181127,11:10,1,1,56.87,LICOR-193,One-point,Cloudy
20181127,11:10,2,1,60.45,LICOR-193,One-point,Cloudy
20181127,11:12,3,1,41.82,LICOR-193,One-point,Cloudy
20181127,11:14,4,1,61.38,LICOR-193,One-point,Cloudy
20181127,11:15,5,1,61.8,LICOR-193,One-point,Cloudy
20181127,11:15,6,1,58.32,LICOR-193,One-point,Cloudy
20181127,11:09,7,1,68.85,LICOR-193,One-point,Cloudy
20181127,11:11,8,1,67.42,LICOR-193,One-point,Cloudy
20181127,11:11,9,1,68.81,LICOR-193,One-point,Cloudy
20181127,11:13,10,1,81.01,LICOR-193,One-point,Cloudy
20181127,11:16,11,1,65.37,LICOR-193,One-point,Cloudy
20181127,11:17,12,1,59.75,LICOR-193,One-point,Cloudy
20181130,13:35,1,1,61.45,LICOR-193,One-point,Cloudy
20181130,13:34,2,1,63.61,LICOR-193,One-point,Cloudy
20181130,13:33,3,1,56.76,LICOR-193,One-point,Cloudy
20181130,13:32,4,1,56.75,LICOR-193,One-point,Cloudy
20181130,13:31,5,1,53.3,LICOR-193,One-point,Cloudy
20181130,13:30,6,1,62.02,LICOR-193,One-point,Cloudy
20181130,13:36,7,1,68.41,LICOR-193,One-point,Cloudy
20181130,13:37,8,1,51.67,LICOR-193,One-point,Cloudy
20181130,13:38,9,1,36.78,LICOR-193,One-point,Cloudy
20181130,13:39,10,1,42.41,LICOR-193,One-point,Cloudy
20181130,13:30,11,1,46.59,LICOR-193,One-point,Cloudy
20181130,13:36,12,1,70.14,LICOR-193,One-point,Cloudy
20181204,11:36,1,1,70.37,LICOR-193,One-point,Cloudy
20181204,11:37,2,1,85.36,LICOR-193,One-point,Cloudy
20181204,11:38,3,1,110.2,LICOR-193,One-point,Cloudy
20181204,11:38,4,1,91.18,LICOR-193,One-point,Cloudy
20181204,11:39,5,1,100.8,LICOR-193,One-point,Cloudy
20181204,11:40,6,1,111.7,LICOR-193,One-point,Cloudy
20181204,11:41,7,1,140.4,LICOR-193,One-point,Cloudy
20181204,11:41,8,1,117,LICOR-193,One-point,Cloudy
20181204,11:42,9,1,107.9,LICOR-193,One-point,Cloudy
20181204,11:42,10,1,103.6,LICOR-193,One-point,Cloudy
20181204,11:43,11,1,121.6,LICOR-193,One-point,Cloudy
20181204,11:44,12,1,138.6,LICOR-193,One-point,Cloudy
20181205,12:25,1,1,164.3,LICOR-193,One-point,Cloudy
20181205,12:26,2,1,175.5,LICOR-193,One-point,Cloudy
20181205,12:26,3,1,137.4,LICOR-193,One-point,Cloudy
20181205,12:28,4,1,125.9,LICOR-193,One-point,Cloudy
20181205,12:29,5,1,76.24,LICOR-193,One-point,Cloudy
20181205,12:31,6,1,276.8,LICOR-193,One-point,Cloudy
20181205,12:24,7,1,295.6,LICOR-193,One-point,Cloudy
20181205,12:25,8,1,123,LICOR-193,One-point,Cloudy
20181205,12:27,9,1,129.5,LICOR-193,One-point,Cloudy
20181205,12:28,10,1,79.23,LICOR-193,One-point,Cloudy
20181205,12:29,11,1,83.05,LICOR-193,One-point,Cloudy
20181205,12:30,12,1,277.4,LICOR-193,One-point,Cloudy
20181206,12:25,1,1,351.9,LICOR-193,One-point,Cloudy
20181206,12:24,2,1,192.7,LICOR-193,One-point,Cloudy
20181206,12:22,3,1,293.4,LICOR-193,One-point,Cloudy
20181206,12:20,4,1,81.78,LICOR-193,One-point,Cloudy
20181206,12:19,5,1,79.44,LICOR-193,One-point,Cloudy
20181206,12:18,6,1,140.4,LICOR-193,One-point,Cloudy
20181206,12:23,7,1,373,LICOR-193,One-point,Cloudy
20181206,12:22,8,1,171.2,LICOR-193,One-point,Cloudy
20181206,12:21,9,1,60.02,LICOR-193,One-point,Cloudy
20181206,12:19,10,1,45.7,LICOR-193,One-point,Cloudy
20181206,12:18,11,1,69.58,LICOR-193,One-point,Cloudy
20181206,12:17,12,1,309.9,LICOR-193,One-point,Cloudy
20181211,12:11,1,1,113.1,LICOR-193,One-point,Cloudy
20181211,12:10,2,1,102.4,LICOR-193,One-point,Cloudy
20181211,12:09,3,1,49.76,LICOR-193,One-point,Cloudy
20181211,12:08,4,1,56.93,LICOR-193,One-point,Cloudy
20181211,12:05,5,1,122.7,LICOR-193,One-point,Cloudy
20181211,12:05,6,1,117.5,LICOR-193,One-point,Cloudy
20181211,12:13,7,1,121.7,LICOR-193,One-point,Cloudy
20181211,12:12,8,1,79.46,LICOR-193,One-point,Cloudy
20181211,12:12,9,1,115.4,LICOR-193,One-point,Cloudy
20181211,12:10,10,1,86.77,LICOR-193,One-point,Cloudy
20181211,12:07,11,1,97.17,LICOR-193,One-point,Cloudy
20181211,12:06,12,1,133.2,LICOR-193,One-point,Cloudy
20181212,16:04,1,1,73.46,LICOR-193,One-point,Cloudy
20181212,16:03,2,1,82.86,LICOR-193,One-point,Cloudy
20181212,16:02,3,1,45.02,LICOR-193,One-point,Cloudy
20181212,16:01,4,1,61.14,LICOR-193,One-point,Cloudy
20181212,15:59,5,1,76,LICOR-193,One-point,Cloudy
20181212,15:59,6,1,41.77,LICOR-193,One-point,Cloudy
20181212,16:05,7,1,55.41,LICOR-193,One-point,Cloudy
20181212,16:03,8,1,45.68,LICOR-193,One-point,Cloudy
20181212,16:01,9,1,62.24,LICOR-193,One-point,Cloudy
20181212,16:00,10,1,78.91,LICOR-193,One-point,Cloudy
20181212,15:58,11,1,95.48,LICOR-193,One-point,Cloudy
20181212,15:58,12,1,116.4,LICOR-193,One-point,Cloudy
20181213,16:04,1,1,73.46,LICOR-193,One-point,Cloudy
20181213,16:03,2,1,82.86,LICOR-193,One-point,Cloudy
20181213,16:02,3,1,45.02,LICOR-193,One-point,Cloudy
20181213,16:01,4,1,61.14,LICOR-193,One-point,Cloudy
20181213,15:59,5,1,76,LICOR-193,One-point,Cloudy
20181213,15:59,6,1,41.77,LICOR-193,One-point,Cloudy
20181213,16:05,7,1,55.41,LICOR-193,One-point,Cloudy
20181213,16:03,8,1,45.68,LICOR-193,One-point,Cloudy
20181213,16:01,9,1,62.24,LICOR-193,One-point,Cloudy
20181213,16:00,10,1,78.91,LICOR-193,One-point,Cloudy
20181213,15:58,11,1,95.48,LICOR-193,One-point,Cloudy
20181213,15:58,12,1,116.4,LICOR-193,One-point,Cloudy
20181217,12:10,1,1,325.3,LICOR-193,One-point,Sunny
20181217,12:08,2,1,224.4,LICOR-193,One-point,Sunny
20181217,12:08,3,1,117.8,LICOR-193,One-point,Sunny
20181217,12:06,4,1,139.6,LICOR-193,One-point,Sunny
20181217,12:05,5,1,46.63,LICOR-193,One-point,Sunny
20181217,12:04,6,1,57.94,LICOR-193,One-point,Sunny
20181217,12:10,7,1,350.3,LICOR-193,One-point,Sunny
20181217,12:09,8,1,133.3,LICOR-193,One-point,Sunny
20181217,12:07,9,1,46.85,LICOR-193,One-point,Sunny
20181217,12:06,10,1,38.06,LICOR-193,One-point,Sunny
20181217,12:05,11,1,147.4,LICOR-193,One-point,Sunny
20181217,12:03,12,1,112.9,LICOR-193,One-point,Sunny
20181224,10:18,1,1,56.41,LICOR-193,One-point,Overcast
20181224,10:19,2,1,47.63,LICOR-193,One-point,Overcast
20181224,10:20,3,1,47.01,LICOR-193,One-point,Overcast
20181224,10:21,4,1,36.81,LICOR-193,One-point,Overcast
20181224,10:23,5,1,44.14,LICOR-193,One-point,Overcast
20181224,10:24,6,1,65.41,LICOR-193,One-point,Overcast
20181224,10:24,7,1,73.24,LICOR-193,One-point,Overcast
20181224,10:25,8,1,68.38,LICOR-193,One-point,Overcast
20181224,10:26,9,1,74.56,LICOR-193,One-point,Overcast
20181224,10:27,10,1,73.2,LICOR-193,One-point,Overcast
20181224,10:28,11,1,67.27,LICOR-193,One-point,Overcast
20181226,10:29,12,1,74.22,LICOR-193,One-point,Overcast
20181226,13:59,1,1,90.5,LICOR-193,One-point,Cloudy
20181226,13:55,2,1,107.3,LICOR-193,One-point,Cloudy
20181226,13:56,3,1,106.4,LICOR-193,One-point,Cloudy
20181226,13:56,4,1,102.7,LICOR-193,One-point,Cloudy
20181226,13:57,5,1,103.3,LICOR-193,One-point,Cloudy
20181226,13:58,6,1,86.09,LICOR-193,One-point,Cloudy
20181226,14:03,7,1,92.95,LICOR-193,One-point,Cloudy
20181226,14:02,8,1,83.67,LICOR-193,One-point,Cloudy
20181226,14:01,9,1,92.29,LICOR-193,One-point,Cloudy
20181226,14:00,10,1,76.13,LICOR-193,One-point,Cloudy
20181226,13:59,11,1,79.13,LICOR-193,One-point,Cloudy
20181226,13:58,12,1,92.27,LICOR-193,One-point,Cloudy
20181227,13:59,1,1,211.7,LICOR-193,One-point,Cloudy
20181227,14:00,2,1,182.2,LICOR-193,One-point,Cloudy
20181227,14:00,3,1,142.3,LICOR-193,One-point,Cloudy
20181227,14:01,4,1,91.36,LICOR-193,One-point,Cloudy
20181227,14:01,5,1,203,LICOR-193,One-point,Cloudy
20181227,14:02,6,1,82.73,LICOR-193,One-point,Cloudy
20181227,13:59,7,1,336.6,LICOR-193,One-point,Cloudy
20181227,13:58,8,1,265.8,LICOR-193,One-point,Cloudy
20181227,13:57,9,1,329.6,LICOR-193,One-point,Cloudy
20181227,13:56,10,1,258.4,LICOR-193,One-point,Cloudy
20181227,13:56,11,1,281.6,LICOR-193,One-point,Cloudy
20181227,13:55,12,1,316.2,LICOR-193,One-point,Cloudy
20181231,10:33,1,1,40.38,LICOR-193,One-point,Cloudy
20181231,10:32,2,1,38.21,LICOR-193,One-point,Cloudy
20181231,10:32,3,1,40.03,LICOR-193,One-point,Cloudy
20181231,10:31,4,1,84.31,LICOR-193,One-point,Cloudy
20181231,10:31,5,1,60.61,LICOR-193,One-point,Cloudy
20181231,10:30,6,1,68.25,LICOR-193,One-point,Cloudy
20181231,10:29,7,1,79.03,LICOR-193,One-point,Cloudy
20181231,10:28,8,1,74.64,LICOR-193,One-point,Cloudy
20181231,10:28,9,1,78.48,LICOR-193,One-point,Cloudy
20181231,10:27,10,1,81.93,LICOR-193,One-point,Cloudy
20181231,10:26,11,1,83.88,LICOR-193,One-point,Cloudy
20181231,10:26,12,1,88.71,LICOR-193,One-point,Cloudy
20190102,13:42,1,1,227.3,LICOR-193,One-point,Cloudy
20190102,13:41,2,1,281,LICOR-193,One-point,Cloudy
20190102,13:41,3,1,220.5,LICOR-193,One-point,Cloudy
20190102,13:40,4,1,60.13,LICOR-193,One-point,Cloudy
20190102,13:40,5,1,63.49,LICOR-193,One-point,Cloudy
20190102,13:39,6,1,215.5,LICOR-193,One-point,Cloudy
20190102,13:38,7,1,377.3,LICOR-193,One-point,Cloudy
20190102,13:38,8,1,280.5,LICOR-193,One-point,Cloudy
20190102,13:37,9,1,365.6,LICOR-193,One-point,Cloudy
20190102,13:36,10,1,236.5,LICOR-193,One-point,Cloudy
20190102,13:36,11,1,339.2,LICOR-193,One-point,Cloudy
20190102,13:35,12,1,169,LICOR-193,One-point,Cloudy
20190104,13:31,1,1,245.8,LICOR-193,One-point,"Partly Cloudy, very variable"
20190104,13:30,2,1,142.1,LICOR-193,One-point,"Partly Cloudy, very variable"
20190104,13:29,3,1,84.84,LICOR-193,One-point,"Partly Cloudy, very variable"
20190104,13:29,4,1,83.06,LICOR-193,One-point,"Partly Cloudy, very variable"
20190104,13:28,5,1,142.5,LICOR-193,One-point,"Partly Cloudy, very variable"
20190104,13:27,6,1,97.94,LICOR-193,One-point,"Partly Cloudy, very variable"
20190104,13:25,7,1,400.7,LICOR-193,One-point,"Partly Cloudy, very variable"
20190104,13:25,8,1,289.9,LICOR-193,One-point,"Partly Cloudy, very variable"
20190104,13:24,9,1,417.7,LICOR-193,One-point,"Partly Cloudy, very variable"
20190104,13:24,10,1,153.3,LICOR-193,One-point,"Partly Cloudy, very variable"
20190104,13:23,11,1,360.9,LICOR-193,One-point,"Partly Cloudy, very variable"
20190104,13:22,12,1,231.6,LICOR-193,One-point,"Partly Cloudy, very variable"
20190107,14:24,1,1,38.46,LICOR-193,One-point,Very Cloudy
20190107,14:25,2,1,47.62,LICOR-193,One-point,Very Cloudy
20190107,14:26,3,1,45.46,LICOR-193,One-point,Very Cloudy
20190107,14:26,4,1,58.31,LICOR-193,One-point,Very Cloudy
20190107,14:27,5,1,28.4,LICOR-193,One-point,Very Cloudy
20190107,14:28,6,1,61.71,LICOR-193,One-point,Very Cloudy
20190107,14:28,7,1,39,LICOR-193,One-point,Very Cloudy
20190107,14:29,8,1,46.14,LICOR-193,One-point,Very Cloudy
20190107,14:29,9,1,76.08,LICOR-193,One-point,Very Cloudy
20190107,14:30,10,1,53.48,LICOR-193,One-point,Very Cloudy
20190107,14:31,11,1,64.32,LICOR-193,One-point,Very Cloudy
20190107,14:31,12,1,110.4,LICOR-193,One-point,Very Cloudy
20190108,13:03,1,1,358.5,LICOR-193,One-point,Sunny
20190108,13:02,2,1,228.7,LICOR-193,One-point,Sunny
20190108,13:01,3,1,117.4,LICOR-193,One-point,Sunny
20190108,13:01,4,1,104.1,LICOR-193,One-point,Sunny
20190108,13:00,5,1,105.8,LICOR-193,One-point,Sunny
20190108,13:00,6,1,114.7,LICOR-193,One-point,Sunny
20190108,12:59,7,1,464.8,LICOR-193,One-point,Sunny
20190108,12:58,8,1,307.4,LICOR-193,One-point,Sunny
20190108,12:57,9,1,324.5,LICOR-193,One-point,Sunny
20190108,12:57,10,1,119.7,LICOR-193,One-point,Sunny
20190108,12:56,11,1,321.4,LICOR-193,One-point,Sunny
20190108,12:55,12,1,162.6,LICOR-193,One-point,Sunny
20190109,12:55,1,1,283.5,LICOR-193,One-point,sunny (some tanks shadowed by trees)
20190109,12:55,2,1,191.6,LICOR-193,One-point,sunny (some tanks shadowed by trees)
20190109,12:54,3,1,188.8,LICOR-193,One-point,sunny (some tanks shadowed by trees)
20190109,12:53,4,1,51.29,LICOR-193,One-point,sunny (some tanks shadowed by trees)
20190109,12:52,5,1,57.25,LICOR-193,One-point,sunny (some tanks shadowed by trees)
20190109,12:52,6,1,123.3,LICOR-193,One-point,sunny (some tanks shadowed by trees)
20190109,12:52,7,1,234.9,LICOR-193,One-point,sunny (some tanks shadowed by trees)
20190109,12:51,8,1,211.9,LICOR-193,One-point,sunny (some tanks shadowed by trees)
20190109,12:50,9,1,310.1,LICOR-193,One-point,sunny (some tanks shadowed by trees)
20190109,12:50,10,1,80.14,LICOR-193,One-point,sunny (some tanks shadowed by trees)
20190109,12:49,11,1,265.4,LICOR-193,One-point,sunny (some tanks shadowed by trees)
20190109,12:48,12,1,167.8,LICOR-193,One-point,sunny (some tanks shadowed by trees)
20190110,14:38,1,1,80.16,LICOR-193,One-point,overcast
20190110,14:38,2,1,90.45,LICOR-193,One-point,overcast
20190110,14:39,3,1,112.6,LICOR-193,One-point,overcast
20190110,14:40,4,1,75.46,LICOR-193,One-point,overcast
20190110,14:41,5,1,81.42,LICOR-193,One-point,overcast
20190110,14:41,6,1,86.64,LICOR-193,One-point,overcast
20190110,14:42,7,1,97.14,LICOR-193,One-point,overcast
20190110,14:43,8,1,80.46,LICOR-193,One-point,overcast
20190110,14:44,9,1,74.21,LICOR-193,One-point,overcast
20190110,14:44,10,1,95.74,LICOR-193,One-point,overcast
20190110,14:45,11,1,102.3,LICOR-193,One-point,overcast
20190110,14:46,12,1,114.4,LICOR-193,One-point,overcast